67299dbda23f7e5639814e0e,dependent,The original comment written by the developer for the function `testInternalHttpRequest` is not provided in the information you shared.
67299dbda23f7e5639814e0f,dependent,The original comment written by the developer for the function `onDefinitiveFailure` is not provided in the information you shared.
67299dbda23f7e5639814e10,dependent,Comment: Tracks a failure by adding the given exception to the list of suppressed exceptions and updating the current exception.
67299dbda23f7e5639814e11,dependent,The original comment written by the developer for the `restClientSettings` function is not provided in the information you shared. It seems that the comment is missing or was not included in the data you provided.
67299dbda23f7e5639814e12,dependent,"The original comment written by the developer for the `run` function in the `Shell.java` file of the `elastic/elasticsearch` repository is not provided in the information you have shared. Therefore, I am unable to provide the specific comment. If you have access to the repository, you can check the source code directly to find the comment associated with this function."
67299dbda23f7e5639814e13,dependent,The original comment written by the developer for the `runContainer` function is not provided in the information you shared.
67299dbda23f7e5639814e14,dependent,Run a Docker container for the given distribution and wait for Elasticsearch to start.
67299dbda23f7e5639814e15,dependent,The original comment written by the developer for the `createParameters` function in the `elastic/elasticsearch` repository is not provided in the information you shared.
67299dbda23f7e5639814e16,dependent,The original comment written by the developer for the function `startInitializingShardsAndReroute` is not provided in the information you shared. It appears that there is no comment associated with this function in the provided data.
67299dbda23f7e5639814e17,dependent,The original comment written by the developer for the `connectToNode` function in the `elastic/elasticsearch` repository is not provided in the information you shared. It appears that there is no comment associated with this function in the provided data.
67299dbda23f7e5639814e18,dependent,Stop a random data node in the cluster.
67299dbda23f7e5639814e19,dependent,The original comment written by the developer for the function `setupTransportServiceWithThreadpoolExecutor` is not provided in the information you shared. It appears that there is no comment associated with this function in the provided data.
67299dbda23f7e5639814e1a,dependent,Comment: Extra safety to fail fast - serialize the rewritten version to ensure it's serializable.
67299dbda23f7e5639814e1b,dependent,The original comment written by the developer for the `assertBusy` function is not provided in the information you shared.
67299dbda23f7e5639814e1c,dependent,The original comment written by the developer is: `upper bound is inclusive`.
67299dbda23f7e5639814e1d,dependent,"The original comment written by the developer for the function `secureRandomFips` in the `elastic/elasticsearch` repository is not provided in the information you shared. Therefore, I am unable to provide the comment for this specific function."
67299dbda23f7e5639814e1e,dependent,The original comment written by the developer for the `createIndex` function in the `elastic/elasticsearch` repository is not provided in the information you have shared. It appears that there is no comment associated with this function in the provided data.
67299dbda23f7e5639814e1f,dependent,The original comment written by the developer for the `addUnresponsiveRule` function is not provided in the information you shared.
67299dbda23f7e5639814e20,dependent,The original comment written by the developer for the `ensureHealthy` function in the `elastic/elasticsearch` repository is not provided in the information you shared. It seems that there is no comment available for this specific function in the provided data.
67299dbda23f7e5639814e21,dependent,"Unfortunately, the original comment for the function `waitForPendingTasks` in the `elastic/elasticsearch` repository is not provided in the information you shared. If you have access to the repository, you might want to check the source code directly to find any comments or documentation associated with this function."
67299dbda23f7e5639814e22,dependent,Resets the states of features if the cluster supports it.
67299dbda23f7e5639814e23,dependent,No original comment was provided by the developer for the `restAdminSettings` function.
67299dbda23f7e5639814e24,dependent,The original comment written by the developer for the function `updateClusterSettings` is not provided in the information you shared.
67299dbda23f7e5639814e25,dependent,The original comment written by the developer for the `dispatchRequest` function is not provided in the information you shared. It seems that there is no comment available for this particular function in the provided data.
67299dbda23f7e5639814e26,dependent,"The original comment written by the developer for the `lookupBinary` function in the `elastic/elasticsearch` repository is not provided in the information you shared. Therefore, I cannot provide the specific comment. If you have access to the repository, you might want to check the source code directly to find any comments associated with this function."
67299dbda23f7e5639814e27,dependent,```
67299dbda23f7e5639814e28,dependent,"The original comment written by the developer for the `findResult` function in the `elastic/elasticsearch` repository is not provided in the information you have given. Therefore, I am unable to provide the comment. If you have access to the source code, you might be able to find the comment directly above the function definition in the specified file."
67299dbda23f7e5639814e29,dependent,"Analyzes a user expression node within a given semantic scope, checking for specific decorations and throwing errors if certain conditions are not met."
67299dbda23f7e5639814e2a,dependent,"The original comment written by the developer for the function `addAdditionalField` in the `AttachmentProcessor.java` file of the `elastic/elasticsearch` repository is not provided in the information you shared. Therefore, I cannot provide the specific comment. If you have access to the repository, you might want to check the source code directly to find any comments associated with this function."
67299dbda23f7e5639814e2b,dependent,The original comment written by the developer for the `ignoreUnmapped` function in the `HasParentQueryBuilder` class is not provided in the information you shared. It appears that there is no comment associated with this function in the provided data.
67299dbda23f7e5639814e2c,dependent,The original comment written by the developer for the `testDecodeEncode` function is not provided in the information you shared.
67299dbda23f7e5639814e2d,dependent,The original comment written by the developer for the `stop` function in the `MockApmServer` class from the `elastic/elasticsearch` repository is not provided in the information you shared.
67299dbda23f7e5639814e2e,dependent,The original comment written by the developer for the `deleteWithRetry` function is not provided in the information you shared.
67299dbda23f7e5639814e2f,dependent,"Note does not work for network drives, e.g. Vagrant"
67299dbda23f7e5639814e30,dependent,Set up and register a client with implicit grant type and specific redirect URIs for testing purposes.
67299dbda23f7e5639814e31,dependent,The original comment written by the developer for the `pauseExecution` function in the `WatcherService.java` file of the `elastic/elasticsearch` repository is not provided in the information you shared. It appears that there is no comment available for this function in the data you provided.
67299dbda23f7e5639814e32,dependent,The original comment written by the developer for the `clearAllocationIds` function is not provided in the information you shared.
67299dbda23f7e5639814e33,dependent,The original comment written by the developer for the `postIndex` function in the `WatcherIndexingListener` class is not provided in the information you shared. It appears that there is no comment associated with this function in the provided data.
67299dbda23f7e5639814e34,dependent,The original comment written by the developer is:
67299dbda23f7e5639814e35,dependent,The original comment written by the developer for the function `filterSettableSettings` is not provided in the information you shared.
67299dbda23f7e5639814e36,dependent,"We shouldn't get here, because, ExecutionService#started should have been set to false"
67299dbda23f7e5639814e37,dependent,The original comment written by the developer for the `pause` function in the `ExecutionService.java` file of the `elastic/elasticsearch` repository is not provided in the information you shared. It appears that there is no comment associated with this function in the provided data.
67299dbda23f7e5639814e38,dependent,The original comment written by the developer for the function `clearExecutionsAndQueue` is not provided in the information you shared.
67299dbda23f7e5639814e39,dependent,"The original comment written by the developer is: ""Creates triggered watches and their execution contexts."""
67299dbda23f7e5639814e3a,dependent,"The original comment written by the developer for the `clearExecutions` function is: ""clear old executions in background, no need to wait""."
67299dbda23f7e5639814e3b,dependent,The original comment written by the developer for the function `getConcreteIndex` is not provided in the data you shared.
67299dbda23f7e5639814e3c,dependent,The original comment written by the developer for the `check` function in the `TickerScheduleTriggerEngine` class is not provided in the information you shared. It seems that there is no comment available for this specific function in the provided data.
67299dbda23f7e5639814e3d,dependent,"Cast the object removed from the map to the specified type. If the object cannot be cast, throw an ElasticsearchStatusException with a detailed error message."
67299dbda23f7e5639814e3e,dependent,The original comment written by the developer for the function `moveModelFromTaskToServiceSettings` is not provided in the information you shared.
67299dbda23f7e5639814e3f,dependent,The original comment written by the developer for the function `positionParserAtTokenAfterField` is not provided in the information you shared.
67299dbda23f7e5639814e40,dependent,"I'm sorry, but I cannot provide the original comment written by the developer for the `timeToReserve` function in the `elastic/elasticsearch` repository, as it seems that the comment is not available in the provided information."
67299dbda23f7e5639814e41,dependent,The original comment written by the developer for the `reserve` function in the `elastic/elasticsearch` repository is not provided in the information you shared. It appears that there is no comment associated with this function in the provided data.
67299dbda23f7e5639814e42,dependent,The original comment written by the developer for the function `testShardStatusIsCompleteOnNonDataNodes` is not provided in the information you shared.
67299dbda23f7e5639814e43,dependent,The original comment written by the developer for the function `syncRenewRetentionLease` is not provided in the information you shared.
67299dbda23f7e5639814e44,dependent,"The original comment written by the developer is: ""make a copy, remove settings that are allowed to be different, and then compare if the settings are equal""."
67299dbda23f7e5639814e45,dependent,The original comment written by the developer for the `view` function is not provided in the information you shared.
67299dbda23f7e5639814e46,dependent,The original comment written by the developer for the function `hasFollowingCandidates` in the `elastic/elasticsearch` repository is not provided in the information you shared. It seems that there is no comment associated with this function in the provided data.
67299dbda23f7e5639814e47,dependent,The original comment written by the developer for the `between` function is not provided in the information you shared.
67299dbda23f7e5639814e48,dependent,The original comment written by the developer is not provided in the given information for the function `markPolicyRetrievalError`.
67299dbda23f7e5639814e49,dependent,"The original comment written by the developer is: ""Put an ILM history item asynchronously into the history store."""
67299dbda23f7e5639814e4a,dependent,"Comment: There is an opportunity to optimize the returned caps to find the minimal set of required caps. For example, one leaf may have equally good jobs [A,B], while another leaf finds only job [B] to be best. If job A is a subset of job B, we could simply search job B in isolation and get the same results. We can't do that today, because we don't (yet) have a way of determining if one job is a sub/super set of another."
67299dbda23f7e5639814e4b,dependent,"The original comment written by the developer for the `freeze` function in the `ClockMock` class is not provided in the information you have given. Therefore, I am unable to provide the comment. If you have access to the source code or repository, you may want to check the code directly to find any comments associated with this function."
67299dbda23f7e5639814e4c,dependent,"Unfreezes the clock, setting it to the current system time in the current time zone."
67299dbda23f7e5639814e4d,dependent,The original comment written by the developer for the `fastForwardSeconds` function is not provided in the information you shared.
67299dbda23f7e5639814e4e,dependent,The original comment written by the developer for the `rewindSeconds` function is not provided in the information you shared.
67299dbda23f7e5639814e4f,dependent,"The original comment written by the developer for the `isActive` function in the `XPackLicenseState` class is not provided in the information you shared. Therefore, I am unable to provide the comment for this specific function."
67299dbda23f7e5639814e50,dependent,The original comment written by the developer for the function `checkAndStartTracking` is not provided in the information you shared. It appears that there is no comment associated with this function in the provided data.
67299dbda23f7e5639814e51,dependent,The original comment written by the developer for the function `checkWithoutTracking` is not provided in the information you have shared.
67299dbda23f7e5639814e52,dependent,"Updates the last checked time and condition met status, and resets acknowledgment status for all actions if the condition is not met."
67299dbda23f7e5639814e53,dependent,"The original comment written by the developer for the `createRounding` function in the `elastic/elasticsearch` repository is not provided in the information you shared. Therefore, there is no comment to write down for this function."
67299dbda23f7e5639814e54,dependent,The original comment written by the developer for the function `isValid` in the `Cron.java` file from the `elastic/elasticsearch` repository is not provided in the information you shared.
67299dbda23f7e5639814e55,dependent,"Create a response for the given document ID and headers, and notify the listener with the result."
67299dbda23f7e5639814e56,dependent,"Retrieve the response for the given async execution ID, optionally restoring response headers."
67299dbda23f7e5639814e57,dependent,"The original comment written by the developer for the function `setInternalUser` in the `elastic/elasticsearch` repository is not provided in the information you shared. Therefore, I am unable to provide the comment for this specific function. If you have access to the source code, you might want to check the file directly to see if there is a comment above the function definition."
67299dbda23f7e5639814e58,dependent,The original comment written by the developer for the `check` function in the `IndicesPermission` class is not provided in the information you shared.
67299dbda23f7e5639814e59,dependent,The original comment written by the developer for the function `validateApplicationName` is not provided in the information you shared.
67299dbda23f7e5639814e5a,dependent,The original comment written by the developer for the `verifyHash` function is not provided in the information you shared. It seems that there is no comment available for this specific function in the provided data.
67299dbda23f7e5639814e5b,dependent,"Ensure that the context does not already contain an authentication object, encode the authentication, and store it in the context."
67299dbda23f7e5639814e5c,dependent,"The original comment written by the developer for the `gensalt` function in the `elastic/elasticsearch` repository is not provided in the information you shared. Therefore, I am unable to provide the specific comment. If you have access to the repository, you might want to check the source code directly to find the comment."
67299dbda23f7e5639814e5d,dependent,The original comment written by the developer for the `gensalt` function is not provided in the information you shared.
67299dbda23f7e5639814e5e,dependent,The original comment written by the developer for the function `isAlignCheckpointsDisabled` is not provided in the information you have shared. It seems that there is no comment available for this specific function in the provided data.
67299dbda23f7e5639814e5f,dependent,"Comment: Create a BitSet mask indicating which fields in the rows are considered ""short"" based on the specified threshold."
67299dbda23f7e5639814e60,dependent,The original comment written by the developer for the function `levenshteinFieldwiseCompareRows` is not provided in the information you shared. It appears that there is no comment associated with this function in the provided data.
67299dbda23f7e5639814e61,dependent,The original comment written by the developer for the `calculateMatchWeights` function is:
67299dbda23f7e5639814e62,dependent,The original comment written by the developer for the function `canCreateFromSample` is not provided in the information you shared.
67299dbda23f7e5639814e63,dependent,The original comment written by the developer for the `replace` function is not provided in the information you shared.
67299dbda23f7e5639814e64,dependent,"Comment: Combines multiple queries into a single query using the specified clause. If there is only one non-null query, it is returned as is. If there are multiple queries, they are combined into a BoolQueryBuilder."
67299dbda23f7e5639814e65,dependent,The original comment written by the developer for the `unsignedLongAsNumber` function is not provided in the information you shared.
67299dbda23f7e5639814e66,dependent,Count the number of repeated coordinates from the end of the array that match the first coordinate.
67299dbda23f7e5639814e67,dependent,"checking breaker means potentially tripping, but it doesn't have to if the delta is negative"
67299dbda23f7e5639814e68,dependent,The original comment written by the developer for the `ascending` function is not provided in the information you shared.
67299dbda23f7e5639814e69,dependent,The original comment written by the developer for the function `roundingIsOk` is not provided in the information you shared.
67299dbda23f7e5639814e6a,dependent,The original comment written by the developer is not provided in the code snippet for the function `evalAscendingNullable`.
67299dbda23f7e5639814e6b,dependent,The original comment written by the developer for the function `scheduleSnapshotJobs` is not provided in the information you shared. It appears that there is no comment associated with this function in the given context.
67299dbda23f7e5639814e6c,dependent,"The original comment written by the developer for the `randomRanges` function is not provided in the information you shared. It seems that the comment is missing or was not included in the data you have. If you have access to the repository, you might want to check the source code directly to see if there is a comment associated with this function."
67299dbda23f7e5639814e6d,dependent,The original comment written by the developer for the `finish` function is not provided in the information you shared.
67299dbda23f7e5639814e6e,dependent,Determines if a node is safe to shut down based on its current state and shutdown start time.
67299dbda23f7e5639814e6f,dependent,The original comment written by the developer for the `finishReporting` function is not provided in the information you shared.
67299dbda23f7e5639814e70,dependent,The original comment written by the developer for the `vacateNode` function is not provided in the information you shared.
67299dbda23f7e5639814e71,dependent,The original comment written by the developer for the `commonPrefix` function is not provided in the information you shared.
67299dbda23f7e5639814e72,dependent,The original comment written by the developer for the `getTopTransactionIds` function is not provided in the information you shared. It appears that there is no comment associated with this function in the provided data.
67299dbda23f7e5639814e73,dependent,The original comment written by the developer for the `getTopItemIds` function in the `TransactionStore.java` file of the `elastic/elasticsearch` repository is not provided. The comment section is empty.
67299dbda23f7e5639814e74,dependent,The original comment written by the developer is not provided for the `logProbability` function in the `LongBinomialDistribution` class.
67299dbda23f7e5639814e75,dependent,The original comment written by the developer is missing for the function `logBinomialProbability` in the `elastic/elasticsearch` repository.
67299dbda23f7e5639814e76,dependent,"Comment: Check if the last update time is recent enough by comparing it with the current time and the staleness duration, considering if the current instance is the master."
67299dbda23f7e5639814e77,dependent,The original comment written by the developer for the function `getAnomalyDetectorJobMemoryRequirement` is not provided in the information you shared.
67299dbda23f7e5639814e78,dependent,The original comment written by the developer for the function `getDataFrameAnalyticsJobMemoryRequirement` is not provided in the information you shared.
67299dbda23f7e5639814e79,dependent,"The original comment written by the developer for the `refresh` function in the `MlMemoryTracker` class is not provided in the information you shared. It seems that the comment is missing or was not included in the data you have. If you have access to the source code, you might want to check directly in the repository for any comments associated with this function."
67299dbda23f7e5639814e7a,dependent,The original comment written by the developer for the function `waitForFlushAcknowledgement` is not provided in the information you shared.
67299dbda23f7e5639814e7b,dependent,The original comment written by the developer for the `build` function in the `TimeRange` class is not provided in the information you shared.
67299dbda23f7e5639814e7c,dependent,The original comment written by the developer for the `deleteAllAnnotations` function is not provided in the information you have shared.
67299dbda23f7e5639814e7d,dependent,"If the supplied bucket has records then create a copy with records removed, because we never persist nested records in buckets."
67299dbda23f7e5639814e7e,dependent,The original comment written by the developer for the `deleteInterimResults` function is not provided in the information you shared.
67299dbda23f7e5639814e7f,dependent,"I'm sorry, but it seems that the original comment for the `flush` function in the `elastic/elasticsearch` repository is not provided in the information you shared."
67299dbda23f7e5639814e80,dependent,The original comment written by the developer for the function `testBoundedTilerInflation_8001fffffffffff` is not provided in the information you have shared.
67299dbda23f7e5639814e81,dependent,The original comment written by the developer for the `setValue` function in the `GeoTileGridTiler.java` file is not provided in the information you shared. It seems that there is no comment available for this particular function in the data you have given.
67299dbda23f7e5639814e82,dependent,"I'm sorry, but I cannot provide the original comment for the `intersectsBbox` function from the `elastic/elasticsearch` repository as it was not included in the information you provided. If you have access to the repository, you can check the source code directly to find the comment."
67299dbda23f7e5639814e83,dependent,The original comment written by the developer for the `relatePoint` function is:
67299dbda23f7e5639814e84,dependent,Finds the last commit generation from a list of segment files.
67299dbda23f7e5639814e85,dependent,The original comment written by the developer for the `skipFinalOutput` function is not provided in the information you have given.
67299dbda23f7e5639814e86,dependent,The original comment written by the developer for the function `getValidRandomInstanceName` is not provided in the information you shared. It seems that there is no comment available for this specific function in the provided data.
67299dbda23f7e5639814e87,dependent,"I'm sorry, but I can't provide the original comment for the `createUserWithRunAsRole` function from the `elastic/elasticsearch` repository."
67299dbda23f7e5639814e88,dependent,Invalidates tokens for the specified realm.
67299dbda23f7e5639814e89,dependent,The original comment written by the developer for the function `getPartNumberForPosition` in the `elastic/elasticsearch` repository is not provided in the data you shared. It appears that there is no comment associated with this function in the provided information.
67299dbda23f7e5639814e8a,dependent,"I'm sorry, but I cannot provide the original comment for the `removeFromCache` function from the `elastic/elasticsearch` repository as it appears to be missing or not provided in the data you shared."
67299dbda23f7e5639814e8b,dependent,"The original comment written by the developer for the `fail` function is: ""note: logging and audit is done as part of context.markAsFailed""."
67299dbda23f7e5639814e8c,dependent,The original comment written by the developer for the function `resolveExpressionAsRootAttributes` is not provided in the information you shared.
67299dbda23f7e5639814e8d,dependent,"I'm sorry, but I cannot provide the original comment for the `keyword` function from the `elastic/elasticsearch` repository as it appears that the comment is missing or not provided in the data you have shared. If you have access to the repository, you might want to check the source code directly to see if there is a comment associated with this function."
67299dbda23f7e5639814e8e,dependent,The original comment written by the developer for the `translate` function in the `elastic/elasticsearch` repository is not provided in the information you shared.
67299dbda23f7e5639814e8f,dependent,The original comment written by the developer for the function `asDateOnly` is not provided in the information you shared.
67299dbda23f7e5639814e90,dependent,The original comment written by the developer for the `print` function in the `Terminal.java` file of the `elastic/elasticsearch` repository is not provided in the information you shared. It seems that there is no comment available for this specific function in the data you provided.
67299dbda23f7e5639814e91,dependent,The original comment written by the developer for the function `ijkToGeo` is not provided in the data you shared. It appears that there is no comment associated with this function in the provided information.
67299dbda23f7e5639814e92,dependent,The original comment written by the developer for the `ijkNormalize` function is not provided in the information you shared.
67299dbda23f7e5639814e93,dependent,The original comment written by the developer for the `neighbor` function in the `elastic/elasticsearch` repository is not provided in the information you shared. It seems that the comment is missing or was not included in the data you provided.
67299dbda23f7e5639814e94,dependent,The original comment written by the developer for the function `faceIjkToGeo` in the `elastic/elasticsearch` repository is not provided in the information you shared. It seems that there is no comment available for this specific function in the provided data.
67299dbda23f7e5639814e95,dependent,Converts an H3 address to the number of children at a given resolution.
67299dbda23f7e5639814e96,dependent,The original comment written by the developer for the function `h3ToNotIntersectingChildrenSize` in the `elastic/elasticsearch` repository is not provided in the information you shared. It appears that there is no comment associated with this function in the provided data.
67299dbda23f7e5639814e97,dependent,"I'm sorry, but I cannot provide the original comment for the `northPolarH3` function from the `elastic/elasticsearch` repository, as it appears that the comment is missing or not provided in the data you shared."
67299dbda23f7e5639814e98,dependent,The original comment written by the developer for the `southPolarH3` function is not provided in the information you shared. It appears that there is no comment associated with this function in the provided data.
67299dbda23f7e5639814e99,dependent,The original comment written by the developer for the `greatCircleMaxLatitude` function is not provided in the information you shared.
67299dbda23f7e5639814e9a,dependent,The original comment written by the developer for the function `greatCircleMinLatitude` is not provided in the information you shared.
67299dbda23f7e5639814e9b,dependent,The original comment written by the developer for the `hex2dToGeo` function is not provided in the information you have shared.
67299dbda23f7e5639814e9c,dependent,The original comment written by the developer for the function `h3Rotate60ccw` is not provided in the information you shared.
67299dbda23f7e5639814e9d,dependent,The original comment written by the developer for the `consume` function in the `StreamingGeometrySimplifier` class is not provided in the information you shared. It seems that the comment is missing or not available in the provided data.
67299dbda23f7e5639814e9e,dependent,The original comment written by the developer for the `longEncode` function is not provided in the information you shared.
67299dbda23f7e5639814e9f,dependent,"The original comment written by the developer for the `stringEncode` function in the `elastic/elasticsearch` repository is not provided in the information you shared. Therefore, I cannot provide the comment as it appears to be missing or not included in the data you have."
67299dbda23f7e5639814ea0,dependent,The original comment written by the developer for the `stringEncode` function in the `elastic/elasticsearch` repository is:
67299dbda23f7e5639814ea1,dependent,The original comment written by the developer for the function `testResourcesParentNonPkgName` is not provided in the information you have shared.
67299dbda23f7e5639814ea2,dependent,"The original comment written by the developer for the `checkManifest` function is: ""give a nice error if jar requires a newer java version""."
67299dbda23f7e5639814ea3,dependent,"The original comment written by the developer for the `checkOrder` function is not provided in the information you shared. It seems that the comment is missing or was not included in the data you have. If you have access to the source code repository, you might want to check the specific file and function to see if there is a comment present in the code."
67299dbda23f7e5639814ea4,dependent,The original comment written by the developer for the `sort` function in the `elastic/elasticsearch` repository is not provided in the information you shared. It appears that there is no comment available for this specific function in the provided data.
67299dbda23f7e5639814ea5,dependent,"The original comment written by the developer for the `compress` function in the `MergingDigest` class from the `elastic/elasticsearch` repository is not provided in the information you shared. Therefore, I am unable to provide the original comment for this function."
67299dbda23f7e5639814ea6,dependent,The original comment written by the developer for the `findAgentJar` function is not provided in the information you shared.
67299dbda23f7e5639814ea7,dependent,The original comment written by the developer for the `forceStop` function is not provided in the information you shared.
67299dbda23f7e5639814ea8,dependent,The original comment written by the developer for the function `getIndexCompatible` is not available.
67299dbda23f7e5639814ea9,dependent,The original comment written by the developer for the function `assertNbUnassignedTasks` is not provided in the information you shared.
67299dbda23f7e5639814eaa,dependent,"The original comment written by the developer for the `createService` function in the `elastic/elasticsearch` repository is not provided in the information you have shared. Therefore, I am unable to provide the comment for this specific function. If you have access to the repository, you might want to check the source code directly to find the comment."
67299dbda23f7e5639814eab,dependent,The original comment written by the developer for the `maybeError` function in the `elastic/elasticsearch` repository is not provided in the information you shared.
67299dbda23f7e5639814eac,dependent,The original comment written by the developer for the `collectShardDataPaths` function is not provided in the information you shared.
67299dbda23f7e5639814ead,dependent,The original comment written by the developer for the `initializeAsNew` function in the `IndexRoutingTable.java` file of the `elastic/elasticsearch` repository is not provided in the information you shared. It appears that there is no comment associated with this function in the provided data.
67299dbda23f7e5639814eae,dependent,The original comment written by the developer for the `cancelRelocation` function is not provided in the information you shared.
67299dbda23f7e5639814eaf,dependent,The original comment written by the developer for the function `resolveExpressions` is not provided in the information you shared.
67299dbda23f7e5639814eb0,dependent,"I'm sorry, but I can't provide the original comment for the `isAllIndices` function from the `elastic/elasticsearch` repository as it appears to be missing or not provided in the data you shared."
67299dbda23f7e5639814eb1,dependent,The original comment written by the developer for the `close` function in the `BulkProcessor2` class from the `elastic/elasticsearch` repository is not provided in the information you shared. It seems that there is no comment available for this specific function in the data you have.
67299dbda23f7e5639814eb2,dependent,The original comment written by the developer for the function `getTaskGroups` is not provided in the information you shared.
67299dbda23f7e5639814eb3,dependent,The original comment written by the developer for the `scaleDown` function is not provided in the information you shared.
67299dbda23f7e5639814eb4,dependent,The original comment written by the developer for the `scaleUp` function is not provided in the information you shared.
67299dbda23f7e5639814eb5,dependent,Encodes a hash into a string representation of Z/X/Y.
67299dbda23f7e5639814eb6,dependent,Add an unbounded range to the aggregation with only an upper limit.
67299dbda23f7e5639814eb7,dependent,"The original comment written by the developer for the `addUnboundedFrom` function in the `DateRangeAggregationBuilder` class is not provided in the information you have shared. Therefore, I am unable to provide the comment. If you have access to the source code, you might want to check the file directly for any comments associated with this function."
67299dbda23f7e5639814eb8,dependent,As we are starting to collect from a new segment we need to update the topChangedListener if present and if the queue is full.
67299dbda23f7e5639814eb9,dependent,The original comment written by the developer is not provided in the information you shared for the `submit` function in the `MigrationResultsUpdateTask` class from the Elasticsearch repository.
67299dbda23f7e5639814eba,dependent,"The original comment written by the developer for the function `getFieldValueAsBytes` in the Elasticsearch repository is not provided in the information you have given. Therefore, I am unable to provide the comment."
67299dbda23f7e5639814ebb,dependent,The original comment written by the developer for the `getRetentionLeases` function is not provided in the information you shared.
67299dbda23f7e5639814ebc,dependent,The original comment written by the developer for the `getRetentionLeases` function is not provided in the information you shared.
67299dbda23f7e5639814ebd,dependent,The original comment written by the developer for the `hasLength` function in the `elastic/elasticsearch` repository is not provided in the information you shared. It seems that the comment is missing or not available for this particular function.
67299dbda23f7e5639814ebe,dependent,"The original comment written by the developer for the `preserveContext` function in the `elastic/elasticsearch` repository is not provided in the information you shared. Therefore, I cannot provide the specific comment. If you have access to the repository, you might want to check the source code directly to find any comments associated with this function."
67299dbda23f7e5639814ebf,dependent,"Unfortunately, the original comment for the `fastForward` function in the `elastic/elasticsearch` repository is not provided in the information you shared. If you have access to the repository, you might be able to find the comment directly in the source code file at the specified path."
67299dbda23f7e5639814ec0,dependent,Comment: Match a string against a simple pattern with optional case insensitivity.
67299dbda23f7e5639814ec1,dependent,Comment: Updates dynamic settings for a specific type.
67299dbda23f7e5639814ec2,dependent,Converts an InetAddress to a string representation.
67299dbda23f7e5639814ec3,dependent,The original comment written by the developer for the `closeChannel` function is not provided in the information you have shared.
67299dbda23f7e5639814ec4,dependent,"The original comment written by the developer for the `fromJSON` function in the `CompressedXContent` class is not provided in the information you shared. Therefore, I am unable to provide the specific comment. If you have access to the source code, you might want to check directly in the file for any comments preceding the function definition."
67299dbda23f7e5639814ec5,dependent,Assuming a max of one frame per component in a composite buffer.
67299dbda23f7e5639814ec6,dependent,The original comment written by the developer for the function `calculateRequiredOutBufSpace` is not provided in the information you shared. It seems that the comment is missing or was not included in the data you have.
67299dbda23f7e5639814ec7,dependent,The original comment written by the developer for the function `bytesToIpAddress` is not provided in the information you shared. It appears that there is no comment associated with this function in the provided data.
67299dbda23f7e5639814ec8,dependent,Returns a new AsciiString that is a subsequence of this string.
67299dbda23f7e5639814ec9,dependent,"Compares the specified string to this string and compares the specified range of characters to determine if they are the same. When ignoreCase is true, the case of the characters is ignored during the comparison."
67299dbda23f7e5639814eca,dependent,The original comment written by the developer for the function `safeFindNextPositivePowerOfTwo` in the `netty/netty` repository is not provided in the data you shared. It appears that there is no comment associated with this function in the provided information.
67299dbda23f7e5639814ecb,dependent,The original comment written by the developer for the `nextLong` function in the `netty/netty` repository is not provided in the information you shared.
67299dbda23f7e5639814ecc,dependent,The original comment written by the developer for the `format` function in the `MessageFormatter` class is not provided in the information you shared. It appears that there is no comment available for this specific function in the data you have.
67299dbda23f7e5639814ecd,dependent,Create a big-endian buffer that holds a sequence of the specified 32-bit integers.
67299dbda23f7e5639814ece,dependent,"The original comment written by the developer for the function `calculateChecksum` in the `Snappy.java` file of the `netty/netty` repository is not provided in the information you shared. Therefore, I cannot provide the specific comment for this function. If you have access to the source code, you can check the comment directly above the function definition in the file."
67299dbda23f7e5639814ecf,dependent,Write a value to the output in unary format.
67299dbda23f7e5639814ed0,dependent,The original comment written by the developer for the `finish` function in the `BrotliEncoder.java` file of the `netty/netty` repository is not provided in the information you shared. It appears that there is no comment associated with this function in the provided data.
67299dbda23f7e5639814ed1,dependent,The original comment written by the developer for the `MtasBitOutputStream.writeBit` function is:
67299dbda23f7e5639814ed2,dependent,The original comment written by the developer for the function `validateValidHeaderValue` is not provided in the information you shared.
67299dbda23f7e5639814ed3,dependent,Comment: Skips leading whitespace characters in the given byte array.
67299dbda23f7e5639814ed4,dependent,The original comment written by the developer for the `exists` function in the `SecretStoreFactory` class is not provided in the information you shared.
67299dbda23f7e5639814ed5,dependent,"The original comment written by the developer for the function `isCurrentWriterStale` in the `elastic/logstash` repository is not provided in the information you have shared. Therefore, I am unable to provide the comment for this function."
67299dbda23f7e5639814ed6,dependent,The original comment written by the developer for the function `commonInputSettings` in the `elastic/logstash` repository is not provided in the information you shared. It seems that there is no comment available for this specific function in the provided data.
67299dbda23f7e5639814ed7,dependent,The original comment written by the developer for the `parseCheck` function is not provided in the information you shared.
67299dbda23f7e5639814ed8,dependent,Determines the origin to use for the response based on the given request origin.
67299dbda23f7e5639814ed9,dependent,Encodes the given source URI with the specified charset.
67299dbda23f7e5639814eda,dependent,The original comment written by the developer for the function `decodeAndCleanUriString` is not provided in the information you shared.
67299dbda23f7e5639814edb,dependent,The original comment written by the developer for the `getFallbackTimeZone` function is not provided in the information you shared.
67299dbda23f7e5639814edc,dependent,The original comment written by the developer for the function `shouldProxyTargetClass` is not provided in the information you shared. It seems that there is no comment associated with this function in the given context.
67299dbda23f7e5639814edd,dependent,The original comment written by the developer for the `setArgumentNames` function is not provided in the information you shared. It appears that there is no comment associated with this function in the provided data.
67299dbda23f7e5639814ede,dependent,The original comment written by the developer for the `setText` function in the `spring-projects/spring-framework` repository is not provided in the information you have given. It appears that there is no comment associated with this specific function in the provided data.
67299dbda23f7e5639814edf,dependent,The original comment written by the developer for the `getConnection` function in the `spring-projects/spring-framework` repository is not provided in the information you shared.
67299dbda23f7e5639814ee0,dependent,The original comment written by the developer for the `skipEol` function is not provided in the information you shared.
67299dbda23f7e5639814ee1,dependent,The original comment written by the developer for the `connectAsync` function is not provided in the information you shared.
67299dbda23f7e5639814ee2,dependent,The original comment written by the developer for the function `getTimeZone` in the `spring-projects/spring-framework` repository is not provided in the information you shared.
67299dbda23f7e5639814ee3,dependent,No comment was provided by the developer for the `doGetTransaction` function in the `JtaTransactionManager` class.
67299dbda23f7e5639814ee4,dependent,The original comment written by the developer for the `checkForLeaks` function is not provided in the information you shared.
67299dbda23f7e5639814ee5,dependent,The original comment written by the developer for the `indent` function in the `spring-projects/spring-framework` repository is not provided in the information you shared.
67299dbda23f7e5639814ee6,dependent,"The original comment written by the developer for the `containsConstant` function in the `spring-projects/spring-framework` repository is not provided in the information you shared. Therefore, I cannot provide the specific comment. If you have access to the repository, you might want to check the source code directly to find any comments associated with the function."
67299dbda23f7e5639814ee7,dependent,Detects the start of an XML comment.
67299dbda23f7e5639814ee8,dependent,"Finds the best matching locale for a given language string. If the exact locale is supported by the app, it returns that locale; otherwise, it returns the best system locale."
67299dbda23f7e5639814ee9,dependent,"Cancel a notification, using conversation support if available."
67299dbda23f7e5639814eea,dependent,The original comment written by the developer for the `getYawRad` function is not provided in the information you shared.
67299dbda23f7e5639814eeb,dependent,The original comment written by the developer for the function `getAngleAroundRad` in the `libgdx/libgdx` repository is not provided in the information you shared. It seems that the comment is missing or not available for this specific function.
67299dbda23f7e5639814eec,dependent,"Set this matrix to a translation, rotation, and scaling matrix."
67299dbda23f7e5639814eed,dependent,log Quantile function .
67299dbda23f7e5639814eee,dependent,The original comment written by the developer for the `triangleQuality` function is not provided in the information you shared.
67299dbda23f7e5639814eef,dependent,The original comment written by the developer for the `intersectSegments` function in the `libgdx/libgdx` repository is not provided in the information you shared. It appears that there is no comment available for this specific function in the provided data.
67299dbda23f7e5639814ef0,dependent,The original comment written by the developer for the `atan2Deg` function is not provided in the information you shared.
67299dbda23f7e5639814ef1,dependent,The original comment written by the developer for the `atan2Deg360` function is not provided in the information you shared.
67299dbda23f7e5639814ef2,dependent,The original comment written by the developer for the `cancelTouchFocus` function is not provided in the information you have shared.
67299dbda23f7e5639814ef3,dependent,The original comment written by the developer for the function `setDebugTableUnderMouse` in the `libgdx/libgdx` repository is not provided in the information you shared. It appears that there is no comment available for this specific function in the provided data.
67299dbda23f7e5639814ef4,dependent,Removes an actor from the group.
67299dbda23f7e5639814ef5,dependent,The original comment written by the developer for the `clear` function in the `libgdx/libgdx` repository is not provided.
67299dbda23f7e5639814ef6,dependent,The original comment written by the developer for the `setBackground` function in the `libgdx/libgdx` repository is not provided in the information you shared.
67299dbda23f7e5639814ef7,dependent,The original comment written by the developer for the `clear` function in the `libgdx/libgdx` repository is not provided in the information you shared. It seems that the comment is missing or was not included in the data you have.
67299dbda23f7e5639814ef8,dependent,Finds the end of a run and makes it ascending if it was descending.
67299dbda23f7e5639814ef9,dependent,The original comment written by the developer for the `postTask` function is not provided in the information you shared. It appears that there is no comment associated with this function in the repository.
67299dbda23f7e5639814efa,dependent,The original comment written by the developer for the `scaleSize` function in the `libgdx/libgdx` repository is not provided in the information you shared. It seems that there is no comment associated with this particular function in the data you have given.
67299dbda23f7e5639814efb,dependent,The original comment written by the developer for the `rotate` function in the `libgdx/libgdx` repository is not provided in the information you shared.
67299dbda23f7e5639814efc,dependent,The original comment written by the developer for the `animate` function in the `libgdx/libgdx` repository is not provided in the information you shared. It appears that there is no comment associated with this function in the provided data.
67299dbda23f7e5639814efd,dependent,The original comment written by the developer for the `queue` function in the `libgdx/libgdx` repository is not provided in the information you shared. It appears that there is no comment associated with this specific function in the provided data.
67299dbda23f7e5639814efe,dependent,"The original comment written by the developer for the `getDir` function in the `ApplicationTemp` class of the `spring-projects/spring-boot` repository is: ""Return a sub-directory of the application temp."""
67299dbda23f7e5639814eff,dependent,The original comment written by the developer for the `persistAndGetId` function is not provided in the information you shared. It appears that there is no comment associated with this function in the provided data.
67299dbda23f7e5639814f00,dependent,The original comment written by the developer for the `build` function in the `JdbcUrlBuilder.java` file is not provided in the information you have shared.
67299dbda23f7e5639814f01,dependent,The original comment written by the developer for the `build` function in the `JdbcUrlBuilder` class is not provided in the information you shared.
67299dbda23f7e5639814f02,dependent,"The original comment written by the developer for the `optDouble` function in the `spring-projects/spring-boot` repository is not provided in the information you shared. Therefore, I am unable to provide the comment for this specific function. If you have access to the repository, you might want to check the source code directly to find the comment."
67299dbda23f7e5639814f03,dependent,The original comment written by the developer for the `optInt` function in the `spring-projects/spring-boot` repository is not provided in the information you shared. It appears that there is no comment associated with this particular function in the provided data.
67299dbda23f7e5639814f04,dependent,"The original comment written by the developer for the `optLong` function in the `spring-projects/spring-boot` repository is not provided in the information you shared. Therefore, I cannot provide the comment for this specific function."
67299dbda23f7e5639814f05,dependent,The original comment written by the developer for the function `optString` in the `spring-projects/spring-boot` repository is not provided in the information you shared.
67299dbda23f7e5639814f06,dependent,The original comment written by the developer for the `directory` function in the `spring-projects/spring-boot` repository is not provided in the information you shared. It appears that there is no comment available for this specific function in the provided data.
67299dbda23f7e5639814f07,dependent,The original comment written by the developer for the `file` function in the `spring-projects/spring-boot` repository is not provided in the information you shared. It appears that there is no comment associated with this function in the provided data.
67299dbda23f7e5639814f08,dependent,The original comment written by the developer for the `stop` function in the `DruidOverlord` class is not provided in the information you shared. It appears that there is no comment associated with this particular function in the provided data.
67299dbda23f7e5639814f09,dependent,The original comment written by the developer for the function `convertParameters` is not provided in the information you shared.
67299dbda23f7e5639814f0a,dependent,The original comment written by the developer for the function `isNonTrivialStringConcat` is not provided in the information you shared. It appears that there is no comment associated with this function in the provided data.
67299dbda23f7e5639814f0b,dependent,Submit an MSQ task successfully with the expected status code.
67299dbda23f7e5639814f0c,dependent,The original comment written by the developer for the `ceilingPowerOfTwo` function is not provided in the information you shared.
67299dbda23f7e5639814f0d,dependent,The original comment for the `hashSingleValue` function in the `neo4j/neo4j` repository is not provided in the information you shared. It seems that there is no comment available for this function in the provided data.
67299dbda23f7e5639814f0e,dependent,The original comment written by the developer for the function `hashSingleValueToInt` is not provided in the information you shared. It appears that there is no comment associated with this function in the provided data.
67299dbda23f7e5639814f0f,dependent,The original comment written by the developer for the `openAllNeoStores` function is not available.
67299dbda23f7e5639814f10,dependent,"I'm sorry, but I cannot provide the original comments written by the developers for the functions you mentioned."
67299dbda23f7e5639814f11,dependent,The original comment written by the developer for the `withEndCondition` function is not provided in the information you shared. It appears that there is no comment available for this function in the provided data.
67299dbda23f7e5639814f12,dependent,The original comment written by the developer for the function `nextValidCodePoint` is not provided in the information you shared.
67299dbda23f7e5639814f13,dependent,Comment: Release the exclusive lock and transition to a write lock by updating the lock state.
67299dbda23f7e5639814f14,dependent,The original comment written by the developer for the function `getRefCount` is not provided in the information you shared.
67299dbda23f7e5639814f15,dependent,The original comment written by the developer for the `evictPage` function is not provided in the information you shared.
67299dbda23f7e5639814f16,dependent,"Executed by a single thread, so no synchronized required"
67299dbda23f7e5639814f17,dependent,The original comment written by the developer for the function `createLogChannelForExistingVersion` is not provided in the information you shared.
67299dbda23f7e5639814f18,dependent,"The original comment written by the developer is: ""Calculate the total waiting time in nanoseconds, including the time spent waiting for the currently executing query, if any."""
67299dbda23f7e5639814f19,dependent,The original comment written by the developer for the `stop` function in the `MultipleIndexPopulator` class is not provided in the information you shared.
67299dbda23f7e5639814f1a,dependent,The original comment written by the developer for the function `logChannel` is not provided in the information you have shared.
67299dbda23f7e5639814f1b,dependent,The original comment written by the developer for the `releaseWrite` function in the `LongSpinLatch.java` file of the `neo4j/neo4j` repository is not provided.
67299dbda23f7e5639814f1c,dependent,"Checks if the cursor is out of bounds and if the seeker is closed, throwing an exception if either condition is met."
67299dbda23f7e5639814f1d,dependent,The original comment written by the developer for the `write` function in the `neo4j/neo4j` repository is not provided in the information you shared. It appears that there is no comment associated with this function in the provided data.
67299dbda23f7e5639814f1e,dependent,The original comment written by the developer for the function `bumpUnstableGeneration` is not provided in the information you shared.
67299dbda23f7e5639814f1f,dependent,Normalize the duration by adjusting the nanos and seconds to be within their respective bounds.
67299dbda23f7e5639814f20,dependent,The original comment written by the developer for the `parseAndThrow` function in the `neo4j/neo4j` repository is not provided in the information you shared. It seems that the comment is missing or was not included in the data you provided.
67299dbda23f7e5639814f21,dependent,The original comment written by the developer for the `printIfPlain` function is not provided in the information you shared. It seems that there is no comment associated with this function in the provided data.
67299dbda23f7e5639814f22,dependent,The original comment written by the developer for the function `inQuote` in the `neo4j/neo4j` repository is not provided in the information you have given.
67299dbda23f7e5639814f23,dependent,"The original comment written by the developer for the `decreaseKey` function is not provided in the information you have shared. If you have access to the source code repository, you might be able to find the comment directly in the code file at the specified path."
67299dbda23f7e5639814f24,dependent,The original comment written by the developer for the `cut` function is:
67299dbda23f7e5639814f25,dependent,"Once the release sentinel is on the stack, it can never (observably) leave. Waiters might accidentally remove the released sentinel from the stack for brief periods of time, but then they are required to fix the situation and put it back. Atomically swapping the release sentinel onto the stack will give us back all the waiters, if any."
67299dbda23f7e5639814f26,dependent,"The original comment written by the developer is: ""Schedule our work on the stack."""
67299dbda23f7e5639814f27,dependent,The original comment written by the developer is not provided in the information you shared for the `getStoreVersionUserString` function.
67299dbda23f7e5639814f28,dependent,The original comment written by the developer is not provided for the `totalDegree` function.
67299dbda23f7e5639814f29,dependent,The original comment written by the developer for the `disableCommands` function in the `neo4j/neo4j` repository is not provided in the information you shared. It appears that there is no comment associated with this function in the provided data.
67299dbda23f7e5639814f2a,dependent,"Unfortunately, the original comment written by the developer for the `run` function in the `neo4j/neo4j` repository is not provided in the information you have shared. If there is no comment available in the source code, it might be that the developer did not include one for this particular function."
67299dbda23f7e5639814f2b,dependent,"The original comment written by the developer for the `run` function in the `RandomPageCacheTestHarness.java` file is not provided in the information you shared. If there is no comment available in the source code, it might be that the developer did not include one for this particular function."
67299dbda23f7e5639814f2c,dependent,"Unfortunately, the original comment for the `createIndexes` function in the `neo4j/neo4j` repository is not provided in the information you shared. If there is no comment in the source code, it might be that the developer did not include one for this function."
67299dbda23f7e5639814f2d,dependent,The original comment written by the developer for the `deleteStuff` function is not provided in the information you shared. It seems that there is no comment associated with this function in the provided data.
67299dbda23f7e5639814f2e,dependent,The original comment written by the developer for the `negotiate` function is not provided in the information you shared. It appears that there is no comment associated with this function in the provided data.
67299dbda23f7e5639814f2f,dependent,The original comment written by the developer for the function `readPrimitiveValue` in the `neo4j/neo4j` repository is not provided in the information you shared.
67299dbda23f7e5639814f30,dependent,Calculates the center point for a given derived value and level using a space-filling curve.
67299dbda23f7e5639814f31,dependent,The original comment written by the developer for the function `getTilesIntersectingEnvelope` is not provided in the information you shared.
67299dbda23f7e5639814f32,dependent,The original comment written by the developer for the `getDoubleCoord` function is not provided in the information you shared.
67299dbda23f7e5639814f33,dependent,The original comment written by the developer for the `propagate` function is not provided in the information you shared.
67299dbda23f7e5639814f34,dependent,The original comment written by the developer for the `insert` function is not provided in the information you shared. It appears that there is no comment associated with this function in the provided data.
67299dbda23f7e5639814f35,dependent,Heap sort the array
67299dbda23f7e5639814f36,dependent,"The original comment written by the developer for the `heapify` function in the `neo4j/neo4j` repository is not provided in the information you have shared. If there is no comment available in the source code, it might be that the developer did not include one for this particular function."
67299dbda23f7e5639814f37,dependent,The original comment written by the developer for the `siftDown` function is not provided in the information you shared.
67299dbda23f7e5639814f38,dependent,The original comment written by the developer for the `setBits` function is not provided in the information you shared.
67299dbda23f7e5639814f39,dependent,The original comment written by the developer for the `subpath` function in the `neo4j/neo4j` repository is not provided in the information you shared.
67299dbda23f7e5639814f3a,dependent,The original comment written by the developer for the `fileOperation` function is not provided in the information you shared.
67299dbda23f7e5639814f3b,dependent,The original comment written by the developer for the `symmetricDifference` function is not provided in the information you shared.
67299dbda23f7e5639814f3c,dependent,The original comment written by the developer for the `countUnique` function is not provided in the information you shared. It appears that there is no comment associated with this function in the provided data.
67299dbda23f7e5639814f3d,dependent,"Compare two iterators to determine if they are equal, ensuring that both iterators are closed after the comparison."
67299dbda23f7e5639814f3e,dependent,The original comment for the `count` function in the `neo4j/neo4j` repository is not provided in the data you shared. It seems that the comment is missing or was not included in the information given.
67299dbda23f7e5639814f3f,dependent,The original comment written by the developer for the `addLazyBinding` function is not provided in the information you shared. It appears that there is no comment available for this specific function in the provided data.
67299dbda23f7e5639814f40,dependent,The original comment written by the developer for the function `getReadChannel` is not provided in the information you shared.
67299dbda23f7e5639814f41,dependent,The original comment written by the developer for the function `getValuesSortedByRelevance` is not provided in the information you shared.
67299dbda23f7e5639814f42,dependent,The original comment written by the developer for the `ensureValidDisi` function is not provided in the data you shared.
67299dbda23f7e5639814f43,dependent,The original comment written by the developer for the `nullableAddDocument` function is not provided in the information you shared. It appears that there is no comment associated with this function in the provided data.
67299dbda23f7e5639814f44,dependent,"I'm sorry, but I cannot provide the original comment written by the developer for the `updateOrDeleteDocument` function from the neo4j repository, as it appears that the comment is missing or not provided in the data you have shared."
67299dbda23f7e5639814f45,dependent,Clear URL caches.
67299dbda23f7e5639814f46,dependent,Comment: Asserts that executing the given request builder throws an exception of the specified class and status.
67299dbda23f7e5639814f47,dependent,The original comment written by the developer for the `getColumnValue` function is not provided in the information you shared.
67299dbda23f7e5639814f48,dependent,The original comment written by the developer for the `modules` function in the `Jackson2ObjectMapperBuilder` class is not provided in the information you have shared. It appears that there is no comment associated with this function in the provided data.
67299dbda23f7e5639814f49,dependent,The original comment written by the developer for the `getChildByName` function is not provided in the data you shared. It appears that there is no comment associated with this function in the provided information.
67299dbda23f7e5639814f4a,dependent,The original comment written by the developer for the `testIllegalOrder` function is:
67299dbda23f7e5639814f4b,dependent,The original comment for the `isMatch` function in the `spring-projects/spring-framework` repository is not provided in the information you shared. It seems that the developer did not include a comment for this particular function.
67299dbda23f7e5639814f4c,dependent,The original comment for the function `testNetworkHostWrongSetting` is not provided in the information you shared.
67299dbda23f7e5639814f4d,dependent,"Unfortunately, the original comment for the `onResize` function in the `ResizableWidgetCollection.java` file from the `libgdx/libgdx` repository is not provided in the data you shared."
67299dbda23f7e5639814f4e,dependent,The original comment written by the developer for the function `createDefaultFieldType` is not provided in the information you shared.
67299dbda23f7e5639814f4f,dependent,The original comment for the `setCenterX` function in the `libgdx/libgdx` repository is not provided. It appears that the developer did not include a comment for this particular function.
67299dbda23f7e5639814f50,dependent,The original comment written by the developer for the function `expiredTokenException` is not provided in the information you shared.
67299dbda23f7e5639814f51,dependent,"I'm sorry, but I cannot provide the original comment written by the developer for the `registerTestTask` function in the `elastic/elasticsearch` repository, as it appears that the comment is not included in the provided information. If there is no comment available in the source code, it might be that the function was not documented with a comment by the developer."
67299dbda23f7e5639814f52,dependent,The original comment written by the developer for the `isIndexed` function is not provided in the information you shared.
67299dbda23f7e5639814f53,dependent,The original comment written by the developer for the function `getForField` in the `IndexFieldDataService` class is not provided in the information you shared. It appears that there is no comment available for this specific function in the provided data.
67299dbda23f7e5639814f54,dependent,The original comment written by the developer for the `sum` function in the `MovingFunctions.java` file of the `elasticsearch` repository is not provided.
67299dbda23f7e5639814f55,dependent,The original comment written by the developer for the `searchForEntry` function in the `elastic/elasticsearch` repository is not provided in the information you shared. It appears that there is no comment associated with this function in the provided data.
67299dbda23f7e5639814f56,dependent,The original comment written by the developer for the function `uncheckedDeleteWithRetry` is not provided in the information you shared.
67299dbda23f7e5639814f57,dependent,The original comment written by the developer for the `write` function in the `FileHandle.java` file is not provided in the information you shared. It seems that there is no comment available for this particular function in the provided data.
67299dbda23f7e5639814f58,dependent,The original comment written by the developer for the function `computeLimitBytesForAuto` is not provided in the information you shared.
67299dbda23f7e5639814f59,dependent,Determines whether the given expression is a valid cron expression.
67299dbda23f7e5639814f5a,dependent,The original comment written by the developer for the `getByName` function in the `neo4j/neo4j` repository is not provided in the information you have shared. It appears that the comment is missing or was not included in the data you provided.
67299dbda23f7e5639814f5b,dependent,The original comment written by the developer for the `hasCapacity` function in the `BatchEncoder.java` file of the `elastic/elasticsearch` repository is not provided in the information you shared. It seems that there is no comment available for this specific function in the data you have given.
67299dbda23f7e5639814f5c,dependent,"Compare two tiers, treating DATA_CONTENT as DATA_HOT."
67299dbda23f7e5639814f5d,dependent,The original comment written by the developer for the `parseFloat` function in the `elastic/elasticsearch` repository is not provided in the information you shared. It appears that there is no comment associated with this function in the provided data.
67299dbda23f7e5639814f5e,dependent,The original comment written by the developer for the `printingWrapper` function in the `neo4j/neo4j` repository is not provided in the information you shared. It appears that there is no comment available for this specific function in the provided data.
67299dbda23f7e5639814f5f,dependent,The original comment written by the developer for the `remove` function in the `libgdx/libgdx` repository is not provided in the information you shared. It seems that the comment is missing or was not included in the data you provided.
67299dbda23f7e5639814f60,dependent,The original comment written by the developer for the `getDouble` function in the `ResultSetWrappingSqlRowSet` class is not provided in the information you shared.
67299dbda23f7e5639814f61,dependent,The original comment written by the developer for the `tryReleaseShared` function in the `elastic/elasticsearch` repository is not provided in the data you shared. It appears that there is no comment associated with this function in the provided information.
67299dbda23f7e5639814f62,dependent,"Extracts exception types from a method signature, ensuring they are subclasses of Throwable."
67299dbda23f7e5639814f63,dependent,The original comment written by the developer for the `coordinate` function in the `CoordinatesBuilder` class from the `elastic/elasticsearch` repository is not provided in the information you shared. It appears that there is no comment associated with this function in the provided data.
67299dbda23f7e5639814f64,dependent,The original comment written by the developer for the function `loadContextForAotProcessing` is not provided in the information you shared. It seems that the comment is missing or not available in the provided data.
67299dbda23f7e5639814f65,dependent,Set the misfire instruction using the name of the constant.
67299dbda23f7e5639814f66,dependent,The original comment written by the developer for the `getIds` function is not provided in the information you shared. It seems that there is no comment available for this particular function in the repository.
67299dbda23f7e5639814f67,dependent,The original comment written by the developer for the `hasMetaAnnotationTypes` function in the `spring-projects/spring-framework` repository is not provided in the information you shared.
67299dbda23f7e5639814f68,dependent,The original comment for the `of` function in the `PersistenceManagedTypes` class is not provided in the information you shared. It seems that the developer did not include a comment for this particular function.
67299dbda23f7e5639814f69,dependent,The original comment written by the developer for the `toString` method in the `QueryStringEncoder` class from the Netty repository is not provided in the information you shared. It appears that there is no comment associated with this specific method in the provided data.
67299dbda23f7e5639814f6a,dependent,Waits for a specific cluster state to be reached.
67299dbda23f7e5639814f6b,dependent,The original comment written by the developer for the `getPositionCount` function is not provided in the information you shared.
67299dbda23f7e5639814f6c,dependent,The original comment written by the developer for the `commaDelimitedListToSet` function in the Spring Framework repository is:
67299dbda23f7e5639814f6d,dependent,"The original comment written by the developer for the `unwatch` function is not provided in the information you shared. If you have access to the source code repository, you might be able to find the comment directly in the code file at the specified path."
67299dbda23f7e5639814f6e,dependent,"I'm sorry, but I can't provide the original comment written by the developer for the `setFieldValue` function in the `elastic/elasticsearch` repository."
67299dbda23f7e5639814f6f,dependent,The original comment written by the developer for the `translateException` function is not provided in the information you shared.
67299dbda23f7e5639814f70,dependent,The original comment written by the developer for the `getMessageConverters` function is not provided in the information you shared.
67299dbda23f7e5639814f71,dependent,The original comment written by the developer for the `exponentialBackoff` function is not provided in the information you shared.
67299dbda23f7e5639814f72,dependent,The original comment written by the developer for the `toLowerCase` function is not provided in the information you shared.
67299dbda23f7e5639814f73,dependent,Find the closest power of two larger than or equal to the given value.
67299dbda23f7e5639814f74,dependent,The original comment written by the developer for the `add` function in the `BulkRequest` class is not provided in the information you shared. It seems that the comment is missing or not available in the provided data.
67299dbda23f7e5639814f75,dependent,Sets the timeout for the search request.
67299dbda23f7e5639814f76,dependent,"Unfortunately, the original comment written by the developer for the `error` function in the `LogAccessor` class is not provided in the information you have shared. If there is no comment in the source code, it might be that the developer did not include one for this particular function."
67299dbda23f7e5639814f77,dependent,Add an unbounded range to the aggregation with the specified key and upper bound.
67299dbda23f7e5639814f78,dependent,Retrieves the integer value from the result set at the specified column index.
67299dbda23f7e5639814f79,dependent,"I'm sorry, but the original comment for the function `setScopeAnnotationType` in the provided repository and path is not available in the data you provided."
67299dbda23f7e5639814f7a,dependent,The original comment written by the developer for the function `getNumMaxIndices` in the `libgdx/libgdx` repository is not provided in the information you shared. It seems that there is no comment available for this specific function in the provided data.
67299dbda23f7e5639814f7b,dependent,The original comment written by the developer for the `triggerBeforeCommit` function is not provided in the information you shared.
67299dbda23f7e5639814f7c,dependent,The original comment written by the developer for the function `toExplainIOConstraints` is not provided in the information you have shared.
67299dbda23f7e5639814f7d,dependent,"Ignore result: can't overflow, ok if not first or no one listens"
67299dbda23f7e5639814f7e,dependent,The original comment written by the developer for the function `hasUniqueWriteMethod` is not provided in the information you shared. It seems that the function lacks a developer comment in the source code.
67299dbda23f7e5639814f7f,dependent,The original comment written by the developer for the function `optionalStartBackgroundFetch` in the `apache/druid` repository is not provided in the information you shared.
67299dbda23f7e5639814f80,dependent,The original comment written by the developer for the function `newHandler` in the `SslContext.java` file of the `netty/netty` repository is not provided in the information you shared. It appears that there is no comment associated with this specific function in the provided data.
67299dbda23f7e5639814f81,dependent,Encodes or decodes the remaining bytes in the buffer and writes them to the output.
67299dbda23f7e5639814f82,dependent,"Comment: Returns the element type of an array type, or the type itself if it is not an array."
67299dbda23f7e5639814f83,dependent,The original comment written by the developer for the `cancel` function in the `MultipleIndexPopulator` class is not provided in the information you shared. It seems that there is no comment available for this particular function in the repository.
67299dbda23f7e5639814f84,dependent,The original comment written by the developer for the `sizeBy` function in the `libgdx/libgdx` repository is not provided in the information you shared. It appears that there is no comment associated with this function in the provided data.
67299dbda23f7e5639814f85,dependent,The original comment written by the developer for the `get` function is missing.
67299dbda23f7e5639814f86,dependent,The original comment written by the developer for the `findKey` function is not provided in the information you shared.
67299dbda23f7e5639814f87,dependent,The original comment written by the developer for the function `processFieldValue` is not provided in the information you shared.
67299dbda23f7e5639814f88,dependent,Set the prefix that identifies comments in the script.
67299dbda23f7e5639814f89,dependent,The original comment written by the developer for the function `ensureOpen` is not provided in the information you shared.
