67299dbda23f7e5639814e0e,"Tests the internal HTTP request functionality by verifying that the generated HTTP requests match the expected requests for various HTTP methods."
67299dbda23f7e5639814e0f,"Handles a definitive failure by tracking the exception and notifying the response listener."
67299dbda23f7e5639814e10,"Tracks a new exception by adding it to the suppressed exceptions of the current exception and updating the current exception."
67299dbda23f7e5639814e11,"Overrides the `restClientSettings` method to configure and return the settings for the REST client, including basic authentication using a predefined username and password."
67299dbda23f7e5639814e12,"Runs the provided script using the appropriate shell command for the current platform and returns the execution result."
67299dbda23f7e5639814e13,"Runs a Docker container with the specified distribution and returns the installation details."
67299dbda23f7e5639814e14,"Runs an Elasticsearch container using the specified distribution and Docker run configuration. This method executes the Docker run command, waits for Elasticsearch to start, and returns the installation details."
67299dbda23f7e5639814e15,"Creates an iterable of parameter arrays using the provided NamedXContentRegistry."
67299dbda23f7e5639814e16,"Starts the initializing shards for the given routing node and triggers a reroute in the cluster state."
67299dbda23f7e5639814e17,"Initiates a connection to the specified discovery node using the provided transport service."
67299dbda23f7e5639814e18,"Stops a random data node if available and returns true; otherwise, returns false."
67299dbda23f7e5639814e19,"Sets up a mock `TransportService` with a mock `ThreadPool` using a `ThreadPoolExecutor`."
67299dbda23f7e5639814e1a,"Rewrites the provided query using the given context and ensures that the rewritten query is serializable."
67299dbda23f7e5639814e1b,"Attempts to execute a code block repeatedly until it succeeds or a specified timeout is reached."
67299dbda23f7e5639814e1c,"Returns a string representation of the port range allocated for a worker, ensuring it falls within the valid private port range."
67299dbda23f7e5639814e1d,"Returns a non-deterministic SecureRandom instance configured for FIPS compliance, using a randomly generated 32-byte seed."
67299dbda23f7e5639814e1e,"Creates an index with the specified name using default settings."
67299dbda23f7e5639814e1f,"Adds unresponsive rules for all transport addresses associated with the given transport service for a specified duration."
67299dbda23f7e5639814e20,"Ensures that the given test cluster is healthy by verifying that there are no active disruptions, the expected number of nodes are present, and the cluster is fully connected."
67299dbda23f7e5639814e21,"Waits for all pending tasks on the specified RestClient to complete, excluding tasks filtered by the default task filter."
67299dbda23f7e5639814e22,"Resets the feature states if the cluster supports the necessary features and Machine Learning (ML) is enabled or the ML state reset fallback is supported."
67299dbda23f7e5639814e23,"Provides the default settings for the REST admin client, utilizing the same configuration as the REST client settings."
67299dbda23f7e5639814e24,"Updates the cluster settings using the provided `Settings` object."
67299dbda23f7e5639814e25,"Dispatches a REST request by creating a fake channel, stashing the current thread context, and ensuring the captured response is properly closed after processing."
67299dbda23f7e5639814e26,"Looks up a `MethodHandle` for a binary operation on two classes, promoting and unboxing the classes as necessary, and throws a `ClassCastException` if the operation cannot be applied."
67299dbda23f7e5639814e27,"Determines the appropriate method handle for normalizing index access based on the type of the receiver class, supporting arrays, maps, and lists."
67299dbda23f7e5639814e28,"Finds and returns the first non-null result obtained by applying a given function to elements of a collection, or null if no such result is found."
67299dbda23f7e5639814e29,"Checks and processes a user expression node within a semantic scope, ensuring the node has the appropriate decorations and throwing detailed exceptions if certain conditions are not met."
67299dbda23f7e5639814e2a,"Adds an additional field to the provided map if the specified property exists and the value is non-empty."
67299dbda23f7e5639814e2b,"Sets whether unmapped fields should be ignored in the query."
67299dbda23f7e5639814e2c,"Tests the encoding and decoding process of scaled float values to ensure that the original encoded value is accurately reconstructed after decoding and re-encoding using a randomly generated scaling factor."
67299dbda23f7e5639814e2d,"Stops the APM server, ensuring thread safety and logging the lifecycle event."
67299dbda23f7e5639814e2e,"Attempts to delete a file or directory at the specified path, retrying multiple times if necessary."
67299dbda23f7e5639814e2f,"Synchronizes the contents of the source directory with the destination directory by creating hard links for files."
67299dbda23f7e5639814e30,"Registers a client with a randomly generated client ID, secret, and redirect URI for testing purposes."
67299dbda23f7e5639814e31,"Pauses the execution of tasks, logs the reason for pausing, and the number of tasks that were cancelled."
67299dbda23f7e5639814e32,"Clears the allocation IDs by setting the previous shard routings to an empty list and returns whether any IDs were cleared."
67299dbda23f7e5639814e33,"Logs a debug message if the indexing of a watch document in the trigger service fails."
67299dbda23f7e5639814e34,"Removes a watch document from the trigger service if it belongs to the specified index before deletion."
67299dbda23f7e5639814e35,"Filters the provided settings to include only those that are allowed to be settable, based on a predefined list of allowed setting keys."
67299dbda23f7e5639814e36,"Registers a new execution with the given ID if the current executions are not sealed, returning true if the execution was successfully registered."
67299dbda23f7e5639814e37,"Pauses the current execution and clears the task queue, notifying the provided listener upon completion."
67299dbda23f7e5639814e38,"Clears all current executions and drains the executor's queue, returning the number of tasks that were cancelled."
67299dbda23f7e5639814e39,"Creates a tuple containing lists of triggered watches and their corresponding execution contexts from a collection of trigger events."
67299dbda23f7e5639814e3a,"Clears the current executions and asynchronously waits for them to complete before invoking the provided listener."
67299dbda23f7e5639814e3b,"Retrieves the concrete index metadata for a given index name from the provided metadata."
67299dbda23f7e5639814e3c,"Checks the provided time against the scheduled time and updates the scheduled time to the next occurrence if necessary, returning the previous scheduled time or -1 if the provided time is earlier than the scheduled time."
67299dbda23f7e5639814e3d,"Removes an entry from the provided map by its key and attempts to cast it to the specified type, throwing an exception if the type does not match."
67299dbda23f7e5639814e3e,"Moves the model identifier from task settings to service settings if it is not already present in the service settings."
67299dbda23f7e5639814e3f,"Parses the given XContentParser to position it at the token immediately following the specified field name, throwing an exception if the field is not found."
67299dbda23f7e5639814e40,"Calculates the time required to reserve a specified number of tokens."
67299dbda23f7e5639814e41,"Reserves the specified number of tokens and returns the time value indicating the wait time in microseconds until the tokens are available."
67299dbda23f7e5639814e42,"Tests that the shard status is correctly marked as complete on non-data nodes after a node shutdown operation is performed and verified."
67299dbda23f7e5639814e43,"Synchronously renews a retention lease for a specified leader shard and retention lease ID, returning an Optional containing a RetentionLeaseNotFoundException if the lease is not found."
67299dbda23f7e5639814e44,"Validates that the filtered settings of the leader and follower indices are identical, throwing an `IllegalArgumentException` if they are not."
67299dbda23f7e5639814e45,"Returns a view of the specified list based on the current offset and limit constraints, reversing the list if the limit is negative."
67299dbda23f7e5639814e46,"Determines if there are any candidates in the stages following the specified stage."
67299dbda23f7e5639814e47,"Extracts a substring from the given string that is located between two specified substrings, with options for greedy matching and case insensitivity."
67299dbda23f7e5639814e48,"Marks an error encountered during the retrieval of a policy for a specific index and records this error in the step information for the index."
67299dbda23f7e5639814e49,"Asynchronously records an ILM (Index Lifecycle Management) history item for indexing if ILM history is enabled."
67299dbda23f7e5639814e4a,"Identifies the most suitable rollup jobs for a given aggregation source from a set of available job capabilities."
67299dbda23f7e5639814e4b,"Freezes the current time of the ClockMock instance, setting it to the current instant."
67299dbda23f7e5639814e4c,"Unfreezes the clock, resetting it to the current system time in the current time zone."
67299dbda23f7e5639814e4d,"Advances the current time by the specified number of seconds."
67299dbda23f7e5639814e4e,"Rewinds the current time by the specified number of seconds."
67299dbda23f7e5639814e4f,"Determines if the current status is active by evaluating if it has started or is relocating."
67299dbda23f7e5639814e50,"Checks if the feature is allowed and starts tracking its usage if permitted."
67299dbda23f7e5639814e51,"Checks if the current feature is allowed without tracking the usage."
67299dbda23f7e5639814e52,"Updates the last checked timestamp and conditionally updates the last met condition timestamp or resets the acknowledgment status of actions based on the provided condition."
67299dbda23f7e5639814e53,"Creates a prepared rounding instance using the interval's string representation and the specified time zone."
67299dbda23f7e5639814e54,"Determines if the given expression is valid based on predefined validation rules."
67299dbda23f7e5639814e55,"Creates a response by indexing the given document ID and headers, and notifies the provided listener upon completion."
67299dbda23f7e5639814e56,"Retrieves the response for a given asynchronous execution ID, optionally restoring response headers, and notifies the provided listener with the result."
67299dbda23f7e5639814e57,"Sets the internal user for authentication using the specified transport version and node name."
67299dbda23f7e5639814e58,"Checks if the specified action is permitted by any of the groups, considering special privileges for mapping update actions."
67299dbda23f7e5639814e59,"Validates the given application name to ensure it adheres to the required naming conventions, disallowing wildcards."
67299dbda23f7e5639814e5a,"Verifies if the provided data matches the given hash using the appropriate hashing algorithm."
67299dbda23f7e5639814e5b,"Writes the encoded authentication information to the provided thread context, ensuring that no authentication data is already present in the context."
67299dbda23f7e5639814e5c,"Generates a bcrypt salt string using the specified number of log rounds and a default secure random number generator."
67299dbda23f7e5639814e5d,"Generates a salt string using the default log2 rounds."
67299dbda23f7e5639814e5e,"Determines if checkpoint alignment is disabled based on the provided settings configuration."
67299dbda23f7e5639814e5f,"Creates a BitSet mask indicating which fields in each row of a list of lists are considered ""short"" based on a specified length threshold."
67299dbda23f7e5639814e60,"Calculates the cumulative Levenshtein distance between corresponding fields of two rows represented as lists of strings."
67299dbda23f7e5639814e61,"Calculates the weights for each matched format based on their ability to merge with timestamp matches and the preface length, optimizing the process by terminating early if the leading weight cannot be surpassed by remaining matches."
67299dbda23f7e5639814e62,"Determines if a given sample text can be classified as text based on the presence of newlines and a minimum number of non-blank lines."
67299dbda23f7e5639814e63,"Replaces matching expressions in the target list with replacements derived from a pattern, using a specified replacer function, and returns whether any modifications were made."
67299dbda23f7e5639814e64,"Combines a list of query builders into a single query using the specified clause, optimizing for cases where only one query is provided."
67299dbda23f7e5639814e65,"Converts a given long value to an unsigned representation as a Number."
67299dbda23f7e5639814e66,"Counts the number of consecutive coordinates at the end of the array that match the first coordinate, comparing them as 2D integer values."
67299dbda23f7e5639814e67,"Adjusts the breaker by a specified delta, potentially tripping the circuit breaker if the delta is positive and exceeds the limit."
67299dbda23f7e5639814e68,"Calculates the median of a specified range of integer values from an `IntBlock`, handling both odd and even counts by returning the middle value or the average of the two middle values without overflow."
67299dbda23f7e5639814e69,"Determines if the rounding process can complete within the specified range without exceeding the upper limit."
67299dbda23f7e5639814e6a,"Evaluates the given block by processing each position to determine the ascending nullable value, appending the result to a new block, and returning the constructed block."
67299dbda23f7e5639814e6b,"Schedules snapshot jobs based on the current cluster state by retrieving and processing snapshot configurations from the cluster's metadata."
67299dbda23f7e5639814e6c,"Generates a sorted set of random, non-overlapping byte ranges within a specified length."
67299dbda23f7e5639814e6d,"Finishes processing by marking all bytes as accounted for and releasing resources, ensuring that the correct number of permits are available."
67299dbda23f7e5639814e6e,"Determines if a node is safe to shut down by evaluating its current state and tasks."
67299dbda23f7e5639814e6f,"Finishes the reporting process by flushing data with an immediate refresh policy, handling any interruptions that occur during the process."
67299dbda23f7e5639814e70,"Vacates the node by isolating the datafeed and marking the task as locally aborted with the given reason."
67299dbda23f7e5639814e71,"Determines the common prefix of a specified byte array segment, starting from a given offset and extending for a specified length, and returns an `OptionalInt` representing the value associated with the prefix if a leaf node is encountered."
67299dbda23f7e5639814e72,"Returns the top transaction IDs based on the transaction counts."
67299dbda23f7e5639814e73,"Retrieves the top item IDs based on their counts."
67299dbda23f7e5639814e74,"Calculates the natural logarithm of the probability of observing a given number of successes in a fixed number of independent Bernoulli trials, each with the same probability of success."
67299dbda23f7e5639814e75,"Calculates the natural logarithm of the binomial probability for given parameters."
67299dbda23f7e5639814e76,"Determines if the data has been refreshed recently based on the last update time and staleness duration."
67299dbda23f7e5639814e77,"Retrieves the memory requirement for an anomaly detector job based on the specified job ID."
67299dbda23f7e5639814e78,"Retrieves the memory requirement for a specified data frame analytics job by its ID."
67299dbda23f7e5639814e79,"Refreshes the state of machine learning tasks by updating the memory tracker with the latest information from persistent tasks metadata. This method initiates a refresh process and ensures that only one refresh operation is in progress at any given time. Upon completion, it notifies the provided `ActionListener`."
67299dbda23f7e5639814e7a,"Waits for a flush acknowledgement associated with the specified flush ID within the given timeout period, returning null if the operation fails or the flush is not acknowledged in time."
67299dbda23f7e5639814e7b,"Builds and returns a TimeRange object based on the provided start and end parameters."
67299dbda23f7e5639814e7c,"Deletes all annotations associated with the job and notifies the provided listener upon completion."
67299dbda23f7e5639814e7d,"Persists a bucket by removing its nested records and indexing it, along with its influencers, into the appropriate storage."
67299dbda23f7e5639814e7e,"Deletes interim results for the specified job."
67299dbda23f7e5639814e7f,"Flushes pending write operations if the channel is open, otherwise notifies the listener of a completed response."
67299dbda23f7e5639814e80,"Tests the inflation of H3 cells with a specific address at varying precisions, ensuring that the inflated bounding boxes match expected bounds for different inflation factors."
67299dbda23f7e5639814e81,"Sets the value of a geospatial tile in the provided `GeoShapeCellValues` object if the specified tile coordinates are valid for the given precision, and returns the number of tiles set."
67299dbda23f7e5639814e82,"Determines if the specified bounding box intersects with the current geometric shape."
67299dbda23f7e5639814e83,"Determines the spatial relationship between a point and a geometric area, returning whether the point is disjoint from the area or its specific relation using Cartesian coordinates."
67299dbda23f7e5639814e84,"Determines the highest generation number from a list of segment file names, excluding old segment generations."
67299dbda23f7e5639814e85,"Skips the final output from the given DataInput stream."
67299dbda23f7e5639814e86,"Generates a valid random instance name that does not produce an error when validated."
67299dbda23f7e5639814e87,"Creates a user with the ""run as"" role using basic authentication headers."
67299dbda23f7e5639814e88,"Invalidates all tokens associated with the specified realm."
67299dbda23f7e5639814e89,"Determines the part number corresponding to a given position within a file, ensuring the position is valid and within the file's length."
67299dbda23f7e5639814e8a,"Removes the specified cache key from the cache, effectively invalidating the associated cached data."
67299dbda23f7e5639814e8b,"Marks the current context as failed by logging the provided exception and failure message."
67299dbda23f7e5639814e8c,"Resolves the given expression into a set of root attribute expressions, utilizing provided aliases for resolution."
67299dbda23f7e5639814e8d,"Constructs a FieldAttribute with a keyword type for the specified field name."
67299dbda23f7e5639814e8e,"Increments the translation metric counter, updating the relevant time-based buckets to reflect the current state."
67299dbda23f7e5639814e8f,"Converts a date string into a `ZonedDateTime` object representing the start of the day in UTC, based on the provided date format."
67299dbda23f7e5639814e90,"Prints a message to the output writer with the specified verbosity level, ensuring the message is flushed immediately."
67299dbda23f7e5639814e91,"Converts IJK coordinates on a specified face and resolution to geographic coordinates (latitude and longitude)."
67299dbda23f7e5639814e92,"Normalizes the instance variables i, j, and k by subtracting the minimum value among them from each."
67299dbda23f7e5639814e93,"Determines the neighboring position based on the given digit and updates the current coordinates accordingly if the digit is within a valid range."
67299dbda23f7e5639814e94,"Converts the current IJK coordinates on a specified face to geographic coordinates (latitude and longitude) at a given resolution."
67299dbda23f7e5639814e95,"Calculates the number of child H3 indexes for a given H3 address at a specified child resolution."
67299dbda23f7e5639814e96,"Calculates the number of non-intersecting child hexagons for a given H3 address."
67299dbda23f7e5639814e97,"Returns the H3 index for the north polar region at the specified resolution."
67299dbda23f7e5639814e98,"Returns the H3 index for the south polar region at the specified resolution."
67299dbda23f7e5639814e99,"Calculates the maximum latitude reached by the great circle path between this point and the specified `LatLng` point."
67299dbda23f7e5639814e9a,"Calculates the minimum latitude along the great circle path between this point and the specified `LatLng` point."
67299dbda23f7e5639814e9b,"Converts 2D hexagonal coordinates to geographic coordinates based on the specified face, resolution, and substrate grid option."
67299dbda23f7e5639814e9c,"Rotates the given H3 index 60 degrees counter-clockwise at each resolution level.This function iterates through each resolution of the H3 index, applying a 60-degree counter-clockwise rotation to the index digit.The modified H3 index is then returned."
67299dbda23f7e5639814e9d,"Consumes the provided coordinates by creating or resetting a `PointError` object and processing it."
67299dbda23f7e5639814e9e,"Encodes a given hash string into a long value using a base-32 encoding scheme."
67299dbda23f7e5639814e9f,"Encodes the given longitude and latitude into a geohash string with a default precision level of 12."
67299dbda23f7e5639814ea0,"Encodes the given latitude and longitude into a geohash string representation at the specified precision level."
67299dbda23f7e5639814ea1,"Tests the retrieval of resources with the same name from both a parent class loader and an embedded class loader, ensuring that both resources are correctly loaded and accessible."
67299dbda23f7e5639814ea2,"Checks the manifest of a JAR file to ensure it does not require a newer Java version than is currently available."
67299dbda23f7e5639814ea3,"Checks that the specified range of the key array is ordered and that the associated values arrays are correctly correlated with the key array."
67299dbda23f7e5639814ea4,"Sorts the specified key array and rearranges the corresponding elements of the provided values arrays to maintain their association with the key elements."
67299dbda23f7e5639814ea5,"Compresses the data structure by merging new values into the existing dataset."
67299dbda23f7e5639814ea6,"Finds the Elastic APM agent JAR file in the current working directory, returning its path if found, or null if the module is not present in a non-production environment."
67299dbda23f7e5639814ea7,"Forces the termination of the associated JVM process, ensuring that all resources are properly released."
67299dbda23f7e5639814ea8,"Returns a list of versions that are compatible with the current index, filtered to include only those supported by the current architecture and platform."
67299dbda23f7e5639814ea9,"Checks that the number of unassigned persistent tasks in the given cluster state matches the expected number."
67299dbda23f7e5639814eaa,"Creates a `PersistentTasksClusterService` using the provided assignment function to determine task assignments based on task parameters, candidate nodes, and the current cluster state."
67299dbda23f7e5639814eab,"Returns an `Optional` containing the first `Error` found by unwrapping the causes and suppressed exceptions of the given `Throwable`, or an empty `Optional` if no `Error` is found."
67299dbda23f7e5639814eac,"Collects and returns a list of absolute paths to shard data directories from the provided array of data paths."
67299dbda23f7e5639814ead,"Initializes the builder as a new index with empty shard routing tables, using the provided index metadata."
67299dbda23f7e5639814eae,"Cancels the relocation of a given shard, updates its state, and returns the updated shard routing."
67299dbda23f7e5639814eaf,"Resolves a set of index expressions against the given cluster state using lenient options for expanding open indices."
67299dbda23f7e5639814eb0,"Determines if the provided collection of aliases or indices represents all indices."
67299dbda23f7e5639814eb1,"Closes the resource, waiting up to 30 seconds for all in-flight requests to complete before returning."
67299dbda23f7e5639814eb2,"Returns a list of task groups, building them if they have not been initialized."
67299dbda23f7e5639814eb3,"Scales down the given value by a predefined probability if sampling is enabled."
67299dbda23f7e5639814eb4,"Scales up the given value based on the sampling probability."
67299dbda23f7e5639814eb5,"Converts a long hash into a string representation of zoom, x, and y tile coordinates, ensuring the validity of the coordinates."
67299dbda23f7e5639814eb6,"Adds a range to the aggregation with an unbounded lower limit and an upper limit specified by the given key and 'to' value."
67299dbda23f7e5639814eb7,"Adds an unbounded range starting from the specified value to the aggregation builder."
67299dbda23f7e5639814eb8,"Retrieves a `LeafBucketCollector` for the given `LeafReaderContext`, updating the competitive bounds listener if necessary."
67299dbda23f7e5639814eb9,"Submits a task to the cluster service to record the migration status of a feature, indicating whether it was successful or failed."
67299dbda23f7e5639814eba,"Returns the value of the specified field as a byte array."
67299dbda23f7e5639814ebb,"Retrieves the current retention leases without expiring them."
67299dbda23f7e5639814ebc,"Retrieves the current retention leases without expiring any leases."
67299dbda23f7e5639814ebd,"Checks if the given string is not null and has a length greater than zero."
67299dbda23f7e5639814ebe,"Preserves the execution context of the given Runnable command, returning a context-preserving Runnable instance if necessary."
67299dbda23f7e5639814ebf,"Resets the countdown to zero and checks if the previous count was valid."
67299dbda23f7e5639814ec0,"Checks if a given string matches a specified pattern, with optional case insensitivity. The pattern may include wildcard characters ('*') that can match any sequence of characters."
67299dbda23f7e5639814ec1,"Updates the target settings with the specified dynamic settings, applying changes only to settings that are dynamically updateable."
67299dbda23f7e5639814ec2,"Formats the given `InetAddress` using a default `PortsRange`."
67299dbda23f7e5639814ec3,"Closes the given channel."
67299dbda23f7e5639814ec4,"Converts a JSON string into a `CompressedXContent` object by parsing the JSON content and copying its structure."
67299dbda23f7e5639814ec5,"Calculates the output network buffer size required to accommodate the given number of plaintext bytes and buffers, considering the maximum overhead per buffer."
67299dbda23f7e5639814ec6,"Calculates the required buffer space for encrypted output based on the given plaintext size and number of buffers."
67299dbda23f7e5639814ec7,"Converts a byte array to an IP address string representation, supporting both IPv4 and IPv6 formats."
67299dbda23f7e5639814ec8,"Returns a subsequence of the current `AsciiString` from the specified `start` index to the specified `end` index.
67299dbda23f7e5639814ec9,"Compares a region of this sequence with a region of the specified string for equality, optionally ignoring case differences."
67299dbda23f7e5639814eca,"Calculates the next power of two greater than or equal to the specified value, ensuring the result is within the range of valid positive integers."
67299dbda23f7e5639814ecb,"Generates a random `long` value within the specified range `[least, bound)`."
67299dbda23f7e5639814ecc,"Formats a message string using a single argument, returning a `FormattingTuple` containing the formatted message and any throwable if present."
67299dbda23f7e5639814ecd,"Copies the given integer values into a new ByteBuf instance, writing each integer in sequence."
67299dbda23f7e5639814ece,"Calculates the checksum of the given `ByteBuf` data using the CRC32C algorithm."
67299dbda23f7e5639814ecf,"Writes the specified non-negative integer value in unary format to the given ByteBuf."
67299dbda23f7e5639814ed0,"Finishes the encoding process by writing the end-of-stream markers and flushing any remaining data to the channel."
67299dbda23f7e5639814ed1,"Updates the CRC value by repeatedly applying the specified value a given number of times."
67299dbda23f7e5639814ed2,"Validates a given header value against the field-content rule as defined in RFC 7230, returning the index of the first invalid character or -1 if the value is valid."
67299dbda23f7e5639814ed3,"Skips leading whitespace characters in a byte array starting from a given index."
67299dbda23f7e5639814ed4,"Checks if a secret store exists for the given `SecureConfig` configuration."
67299dbda23f7e5639814ed5,"Checks if the current writer is considered stale based on the specified flush interval."
67299dbda23f7e5639814ed6,"Combines a given collection of plugin configuration specifications with a set of common input settings, ensuring no duplicates."
67299dbda23f7e5639814ed7,"Parses the given expression and verifies that its string representation of the AST matches the expected format."
67299dbda23f7e5639814ed8,"Checks the given request origin against the configured CORS settings and returns the allowed origin if it matches, or null if it does not."
67299dbda23f7e5639814ed9,"Encodes the given source string using the specified charset and URI type."
67299dbda23f7e5639814eda,"Decodes the given URI string from the request, removes semicolon content, and sanitizes the path by collapsing multiple slashes into a single slash."
67299dbda23f7e5639814edb,"Returns the fallback time zone if JSTL is present and a valid time zone is available from the JSTL configuration; otherwise, returns null."
67299dbda23f7e5639814edc,"Determines whether the target class should be proxied for the given bean class and bean name."
67299dbda23f7e5639814edd,"Sets the argument names by parsing a comma-delimited string and validates each name as a valid Java identifier."
67299dbda23f7e5639814ede,"Sets the text content of the message as plain text."
67299dbda23f7e5639814edf,"Returns a database connection using thread-bound credentials if available, otherwise defaults to configured credentials, and sets the specified catalog and schema if provided."
67299dbda23f7e5639814ee0,"Skips over end-of-line characters in the provided ByteBuffer, handling both '\n' and '\r\n' sequences."
67299dbda23f7e5639814ee1,"Connects asynchronously to a STOMP session using the provided STOMP session handler."
67299dbda23f7e5639814ee2,"Retrieves the current time zone based on the locale context."
67299dbda23f7e5639814ee3,"Retrieves the current JTA transaction object, ensuring a UserTransaction is available and handling its lookup if necessary."
67299dbda23f7e5639814ee4,"Checks for memory leaks by verifying that all created data buffers have been deallocated."
67299dbda23f7e5639814ee5,"Increases the indentation level and updates the current indent."
67299dbda23f7e5639814ee6,"Checks if the specified constant is present in the given array of enum values, performing a case-insensitive comparison."
67299dbda23f7e5639814ee7,"Determines the starting index of a comment in the given line using the START_COMMENT token."
67299dbda23f7e5639814ee8,"Finds the best matching locale for a given language string, returning the exact locale if supported by the app, or a suitable system locale otherwise."
67299dbda23f7e5639814ee9,"Cancels a notification with the specified ID, utilizing conversation support if available, and falls back to legacy cancellation otherwise."
67299dbda23f7e5639814eea,"Calculates the yaw angle in radians from the quaternion, taking into account potential gimbal lock conditions."
67299dbda23f7e5639814eeb,"Calculates the angle in radians around the specified axis vector."
67299dbda23f7e5639814eec,"Sets this affine transformation to a translation, rotation, and scaling defined by the given vectors and angle in degrees."
67299dbda23f7e5639814eed,"Scales the current transformation matrix by the given vector components."
67299dbda23f7e5639814eee,"Calculates the quality of a triangle defined by three points in a 2D plane."
67299dbda23f7e5639814eef,"Determines if two line segments intersect and optionally computes the intersection point."
67299dbda23f7e5639814ef0,"Calculates the angle in degrees between the positive x-axis and the point (x, y) using the four-quadrant inverse tangent function."
67299dbda23f7e5639814ef1,"Calculates the angle in degrees between the positive x-axis and the point (x, y) in a 360-degree circle, handling edge cases such as infinite and NaN values."
67299dbda23f7e5639814ef2,"Cancels all current touch focuses."
67299dbda23f7e5639814ef3,"Sets the debug mode for the table under the mouse cursor, enabling all debug options if the parameter is true, or disabling them if false."
67299dbda23f7e5639814ef4,"Removes the specified actor from the group, optionally unfocusing it."
67299dbda23f7e5639814ef5,"Clears the current object and optionally unfocuses all child actors."
67299dbda23f7e5639814ef6,"Sets the background drawable for the component, optionally adjusting the padding."
67299dbda23f7e5639814ef7,"Clears the map and resizes the backing array to accommodate the specified maximum capacity, ensuring efficient memory usage based on the load factor."
67299dbda23f7e5639814ef8,"Counts the length of a run in the specified array and ensures the run is in ascending order by reversing it if necessary."
67299dbda23f7e5639814ef9,"Posts a task for immediate execution without any delay or repetition."
67299dbda23f7e5639814efa,"Scales the size of an object uniformly by the specified factor."
67299dbda23f7e5639814efb,"Rotates the current transformation by the specified quaternion rotation."
67299dbda23f7e5639814efc,"Animates the specified animation with the given parameters, applying a transition if specified."
67299dbda23f7e5639814efd,"Queues an animation for playback with specified parameters, handling transitions and looping behavior."
67299dbda23f7e5639814efe,"Retrieves a directory as a File object by resolving the specified sub-directory path and creating the directory if it does not exist."
67299dbda23f7e5639814eff,"Persists the given entity and returns its identifier."
67299dbda23f7e5639814f00,"Constructs a URL for the given RunningService instance."
67299dbda23f7e5639814f01,"Constructs a JDBC URL for the specified running service and optional database name."
67299dbda23f7e5639814f02,"Returns the double value associated with the specified name, or NaN if no such value exists."
67299dbda23f7e5639814f03,"Returns the value mapped by the specified name as an int, or 0 if no such mapping exists."
67299dbda23f7e5639814f04,"Returns the value mapped by the specified name as a long, or 0 if no such mapping exists or if the value is not a valid long."
67299dbda23f7e5639814f05,"Returns the string value associated with the specified name, or an empty string if no such value exists."
67299dbda23f7e5639814f06,"Creates a directory entry with the specified name and owner, using a default mode of 0755."
67299dbda23f7e5639814f07,"Creates a file entry with the specified name, owner, and content, using a default file mode."
67299dbda23f7e5639814f08,"Stops the leader lifecycle gracefully and unregisters the listener while ensuring thread safety."
67299dbda23f7e5639814f09,"Converts the parameters of a given TableFunction into a list of FunctionParameter objects suitable for use with Calcite."
67299dbda23f7e5639814f0a,"Determines if the given `RexNode` represents a non-trivial string concatenation operation, meaning it is a string concatenation and involves at least one input reference."
67299dbda23f7e5639814f0b,"Submits an MSQ task with the expectation that it will be accepted, returning the task status upon successful submission."
67299dbda23f7e5639814f0c,"Calculates the smallest power of two that is greater than or equal to the specified positive long value."
67299dbda23f7e5639814f0d,"Calculates the hash of a single long value using a sequence of initialization, update, and finalization steps."
67299dbda23f7e5639814f0e,"Computes an integer hash code for a given long value."
67299dbda23f7e5639814f0f,"Opens all NeoStores by delegating to the `openNeoStores` method with the default store types."
67299dbda23f7e5639814f10,"Decodes a `PropertyBlock` into a `TextValue` by extracting and processing its value blocks."
67299dbda23f7e5639814f11,"Adds one or more end conditions to the race, merging them with any existing conditions."
67299dbda23f7e5639814f12,"Determines the next valid Unicode code point that is not unassigned, private use, or a surrogate, within the specified maximum code point limit."
67299dbda23f7e5639814f13,"Unlocks an exclusive lock and transitions to a write lock state for the given address."
67299dbda23f7e5639814f14,"Retrieves the reference count from the header state."
67299dbda23f7e5639814f15,"Evicts a page from the translation table by updating its mapping and handling versioning if necessary."
67299dbda23f7e5639814f16,"Clears the change status of chunks based on the specified node density."
67299dbda23f7e5639814f17,"Creates a log channel for an existing log version by allocating the corresponding file, reading its header, and positioning the channel at the start of the log data."
67299dbda23f7e5639814f18,"Calculates the total waiting time in nanoseconds for a transaction, including any ongoing query execution time."
67299dbda23f7e5639814f19,"Stops the given index population and ensures that any ongoing store scan is halted if no populations remain."
67299dbda23f7e5639814f1a,"Returns a `PhysicalLogVersionedStoreChannel` for the file at index 0, handling potential I/O exceptions."
67299dbda23f7e5639814f1b,"Releases the write lock by transforming the current state using a spin-wait loop until the transformation is successful."
67299dbda23f7e5639814f1c,"Checks if the cursor is out of bounds and verifies that the seeker is not closed when an out-of-bounds condition is detected."
67299dbda23f7e5639814f1d,"Writes the specified generation and pointer to the given PageCursor after validating their boundaries."
67299dbda23f7e5639814f1e,"Increments the unstable generation component of the current generation value."
67299dbda23f7e5639814f1f,"Normalizes the duration by adjusting the days, seconds, and nanoseconds to ensure that nanoseconds are less than a second and seconds are less than a day."
67299dbda23f7e5639814f20,"Parses command-line arguments and returns a populated `CliArgs` object, throwing an `ArgumentParserException` if any validation or parsing errors occur."
67299dbda23f7e5639814f21,"Prints the specified text if the current format is plain."
67299dbda23f7e5639814f22,"Determines if the given string is not null and not a comment delimiter."
67299dbda23f7e5639814f23,"Decreases the key value of a specified node in the Fibonacci heap, ensuring the heap property is maintained. If the new key is greater than the current key, an exception is thrown. The method may trigger a cut and cascading cuts to maintain the heap structure, and updates the minimum node if necessary."
67299dbda23f7e5639814f24,"Cuts the node `x` from its parent `y` and adds `x` to the root list of the Fibonacci heap."
67299dbda23f7e5639814f25,"Releases all waiting threads by atomically swapping the release sentinel onto the stack, ensuring that any waiters are unparked if present."
67299dbda23f7e5639814f26,"Applies the given work unit by scheduling it on the stack and executing it while handling any potential execution failures."
67299dbda23f7e5639814f27,"Returns a formatted string representing the version of the store, combining the storage engine name, format family name, and version numbers."
67299dbda23f7e5639814f28,"Calculates the total degree by summing the degrees of all types in both directions."
67299dbda23f7e5639814f29,"Disables the specified commands by setting their probability factors to zero."
67299dbda23f7e5639814f2a,"Runs the test code with a specified iteration timeout and time unit, potentially throwing an exception if an error occurs during execution."
67299dbda23f7e5639814f2b,"Runs a series of iterations with a specified timeout for each, handling any exceptions by logging details of the previous run."
67299dbda23f7e5639814f2c,"Creates various indexes in the provided graph database service, including token, node property, and relationship property indexes, within a transactional context."
67299dbda23f7e5639814f2d,"Deletes all relationships and nodes from the provided `GraphDatabaseService` instance in batches to manage transaction size and resource usage efficiently."
67299dbda23f7e5639814f2e,"Negotiates the protocol version with the given transport connection, ensuring that the expected protocol version is agreed upon."
67299dbda23f7e5639814f2f,"Reads a primitive value from the input stream up to the specified limit, determining the type of the value to read using the current marker."
67299dbda23f7e5639814f30,"Calculates the center point coordinates for a given derived value and level."
67299dbda23f7e5639814f31,"Returns a list of tile ranges that intersect with the specified envelope."
67299dbda23f7e5639814f32,"Calculates and returns the double precision coordinates for a given set of normalized coordinates at a specified level, ensuring that each coordinate is clamped within its defined range."
67299dbda23f7e5639814f33,"Propagates the length from the source node to the target node, updating the internal state and scheduling further processing if necessary."
67299dbda23f7e5639814f34,"Inserts an element into the heap, growing the heap if necessary and maintaining the heap property."
67299dbda23f7e5639814f35,"Sorts the elements in the heap using the heap sort algorithm."
67299dbda23f7e5639814f36,"Heapifies the entire heap to maintain the heap property by sifting down elements from the middle of the heap to the root."
67299dbda23f7e5639814f37,"Initiates the sift-down operation for the specified element within the heap."
67299dbda23f7e5639814f38,"Sets a sequence of bits in a specified range within a long array to 1, starting from a given position and spanning a specified number of slots."
67299dbda23f7e5639814f39,"Returns a subpath of the current path from the specified begin index, inclusive, to the specified end index, exclusive. If the original path has a trailing separator or if the number of elements is greater than the end index, the resulting subpath will also have a trailing separator."
67299dbda23f7e5639814f3a,"Performs a specified file operation on a set of database files, potentially including ID files, while handling existing target strategies and optionally skipping non-existent files."
67299dbda23f7e5639814f3b,"Calculates the symmetric difference between two sorted integer arrays, returning a new array containing elements that are present in either of the input arrays but not in both."
67299dbda23f7e5639814f3c,"Computes a packed long value representing the count of unique elements in two sorted arrays."
67299dbda23f7e5639814f3d,"Determines if two iterators are equal by comparing their elements sequentially and ensuring both have the same number of elements."
67299dbda23f7e5639814f3e,"Counts the number of elements in the provided iterator."
67299dbda23f7e5639814f3f,"Adds a lazy binding to the collection, ensuring the binding and type are not null and that the binder has not been configured yet."
67299dbda23f7e5639814f40,"Opens a read channel for a log file at the specified path, ensuring compatibility with the given kernel version."
67299dbda23f7e5639814f41,"Retrieves an iterator over values sorted by relevance for a specified field."
67299dbda23f7e5639814f42,"Ensures that the current document ID iterator is valid by advancing through matching documents until a non-null iterator is found, or returns false if no such iterator exists."
67299dbda23f7e5639814f43,"Adds a document to the writer if the document is not null."
67299dbda23f7e5639814f44,"Updates the specified document if it is not null; otherwise, deletes documents matching the given term."
67299dbda23f7e5639814f45,"Clears the cache for all URLs if the current instance is not exploded."
67299dbda23f7e5639814f46,"Asserts that executing a given `RequestBuilder` throws an exception of the specified type and matches the expected `RestStatus`."
67299dbda23f7e5639814f47,"Retrieves the value of the specified column from the given `ResultSet` using the provided column index and expected parameter type."
67299dbda23f7e5639814f48,"Sets the modules for the Jackson2ObjectMapperBuilder using a Consumer to modify the list of modules."
67299dbda23f7e5639814f49,"Retrieves the first child element with the specified name from the list of children, or returns null if no such child exists."
67299dbda23f7e5639814f4a,"Tests that a `NullPointerException` is thrown when attempting to set a null sort order in `ScoreSortBuilder`, and verifies that the exception message is ""sort order cannot be null."""
67299dbda23f7e5639814f4b,"Determines if the given method name matches the specified mapped name pattern using simple wildcard matching."
67299dbda23f7e5639814f4c,"Tests the behavior of the network host resolution when provided with an incorrect GCE network setting."
67299dbda23f7e5639814f4d,"Handles the resize event by checking and updating the size of all registered resizable widgets, ensuring they are attached and have valid dimensions before invoking their resize logic."
67299dbda23f7e5639814f4e,"Creates a default `AggregateDoubleMetricFieldType` for the specified field name, initializing it with subfields for minimum and maximum metrics, and setting the default metric to minimum."
67299dbda23f7e5639814f4f,"Sets the x-coordinate of the center of the object by adjusting the x-position based on the specified width."
67299dbda23f7e5639814f50,"Creates an `ElasticsearchSecurityException` indicating that a token has expired, with an HTTP status of unauthorized and an appropriate authentication header."
67299dbda23f7e5639814f51,"Registers a RestIntegTestTask for the specified SourceSet within the given Project."
67299dbda23f7e5639814f52,"Determines if the element at the specified index is indexed."
67299dbda23f7e5639814f53,"Retrieves the index field data for a given mapped field type and field data context, utilizing a field data builder to construct the necessary data structure."
67299dbda23f7e5639814f54,"Calculates the sum of the elements in the given array, treating NaN values as zero."
67299dbda23f7e5639814f55,"Searches for an LDAP entry using the provided parameters and notifies the listener with the search result entry."
67299dbda23f7e5639814f56,"Deletes a file or directory at the specified path, retrying the operation if necessary, and throws unchecked exceptions if an error occurs."
67299dbda23f7e5639814f57,"Writes data from the given InputStream to a file, with an option to append to the existing content."
67299dbda23f7e5639814f58,"Calculates the memory limit in bytes for subquery result inlining per query, based on the available JVM memory after accounting for lookup footprints and the maximum number of concurrent queries."
67299dbda23f7e5639814f59,"Determines if the given expression is valid by attempting to parse it."
67299dbda23f7e5639814f5a,"Retrieves an Optional containing a NamedDatabaseId by its database name."
67299dbda23f7e5639814f5b,"Checks if there is sufficient capacity to accommodate the specified number of additional integers."
67299dbda23f7e5639814f5c,"Compares two tier strings and returns an integer indicating their order based on a predefined list of tiers."
67299dbda23f7e5639814f5d,"Parses the current token from the provided XContentParser as a float value, ensuring the token is of the expected numeric type."
67299dbda23f7e5639814f5e,"Returns a PathExpander that wraps the given source PathExpander and applies a predicate to determine whether to print path details using a default path descriptor."
67299dbda23f7e5639814f5f,"Removes the specified key from the collection, if it is present, and returns true if the key was successfully removed."
67299dbda23f7e5639814f60,"Retrieves the value of the designated column in the current row of this `ResultSet` object as a `double`."
67299dbda23f7e5639814f61,"Sets the final state and always returns true, indicating that the shared lock has been released."
67299dbda23f7e5639814f62,"Retrieves a list of exception types from the method signature, throwing an IllegalStateException if no exception types are found."
67299dbda23f7e5639814f63,"Adds a new coordinate with the specified longitude and latitude to the CoordinatesBuilder, ensuring dimensional consistency with existing coordinates."
67299dbda23f7e5639814f64,"Loads the application context for AOT (Ahead-Of-Time) processing based on the provided merged context configuration."
67299dbda23f7e5639814f65,"Sets the misfire instruction using the specified constant name, ensuring the name is not null or blank and corresponds to a valid misfire instruction constant."
67299dbda23f7e5639814f66,"Retrieves an array of IDs for the given tokens using the specified transaction."
67299dbda23f7e5639814f67,"Determines if the specified annotated element has any meta-annotations of the given annotation type."
67299dbda23f7e5639814f68,"Creates a new instance of `PersistenceManagedTypes` with the specified managed class names."
67299dbda23f7e5639814f69,"Returns a string representation of the URI being built."
67299dbda23f7e5639814f6a,"Waits for the cluster state to satisfy a given predicate, notifying the listener when the desired state is reached or a timeout occurs."
67299dbda23f7e5639814f6b,"Returns the number of positions in the block."
67299dbda23f7e5639814f6c,"Converts a comma-delimited string into a set of strings, preserving the order of elements."
67299dbda23f7e5639814f6d,"Removes the specified task from being watched on the given thread."
67299dbda23f7e5639814f6e,"Sets the value of a specified field in the given `IngestDocument` by updating the source map if the field exists, or by using the document's `setFieldValue` method if it does not."
67299dbda23f7e5639814f6f,"Translates a given `SQLException` into a `DataAccessException`, using a configured `SQLExceptionTranslator`, or defaults to an `UncategorizedSQLException` if no specific translation is available."
67299dbda23f7e5639814f70,"Returns a list of configured `HttpMessageConverter` instances, initializing the list if necessary by configuring, adding default, and extending the converters."
67299dbda23f7e5639814f71,"Calculates an exponential backoff time with jitter, based on the number of past attempts, ensuring the backoff does not exceed a specified maximum."
67299dbda23f7e5639814f72,"Converts the given word to lowercase by applying a bitmask derived from an uppercase pattern."
67299dbda23f7e5639814f73,"Calculates the smallest power of two that is greater than or equal to the specified positive integer value."
67299dbda23f7e5639814f74,"Adds a portion of the given byte array to the bulk request with the specified content type."
67299dbda23f7e5639814f75,"Sets the timeout for the search request."
67299dbda23f7e5639814f76,"Logs an error message with an associated throwable cause if error logging is enabled."
67299dbda23f7e5639814f77,"Adds a range with an unbounded lower limit and a specified upper limit to the aggregation."
67299dbda23f7e5639814f78,"Retrieves the value of the designated column in the current row of this `ResultSet` object as an `int`.
67299dbda23f7e5639814f79,"Sets the scope annotation type for this instance, ensuring that the provided class is not null."
67299dbda23f7e5639814f7a,"Returns the capacity of the buffer, which represents the maximum number of indices."
67299dbda23f7e5639814f7b,"Triggers the `beforeCommit` callback on all registered `TransactionSynchronization` instances, indicating whether the transaction is read-only."
67299dbda23f7e5639814f7c,"Transforms the given constraints by retaining only the partition key columns."
67299dbda23f7e5639814f7d,"Handles an error by emitting an empty signal, notifying the receive publisher, and canceling the send processor if it exists, propagating the error to both the receive publisher and the send processor."
67299dbda23f7e5639814f7e,"Determines if the given `PropertyDescriptor` has a unique write method."
67299dbda23f7e5639814f7f,"Starts a background fetch operation if the current queue size is below a calculated threshold based on the maximum records per poll and the record buffer size."
67299dbda23f7e5639814f80,"Creates a new `SslHandler` with the specified `ByteBufAllocator` and `Executor` for delegated tasks."
67299dbda23f7e5639814f81,"Flushes the Base64 buffer by encoding any remaining bytes and writing them to the output stream, or throws an exception if decoding and the input is not properly padded."
67299dbda23f7e5639814f82,"Determines the element type of an array if the given ExpressionType is an array; otherwise, returns the original type."
67299dbda23f7e5639814f83,"Cancels the ongoing index populations due to a failure, ensuring each population is properly marked and logged as failed."
67299dbda23f7e5639814f84,"Adjusts the size of the object by the specified width and height increments."
67299dbda23f7e5639814f85,"Retrieves the value associated with the specified key, or returns the provided default value if the key is not found."
67299dbda23f7e5639814f86,"Finds the key associated with the specified value in the map, using either identity or equality comparison."
67299dbda23f7e5639814f87,"Processes the given form field value using a `RequestDataValueProcessor` if available, returning the potentially modified value."
67299dbda23f7e5639814f88,"Sets the prefix to be used for comments, ensuring it is not null or empty."
67299dbda23f7e5639814f89,"Ensures that the file is open, throwing an exception provided by the given supplier if it is not."
