67299dbda23f7e5639814e0e,Tests the internal HTTP request functionality by verifying that the actual HTTP requests generated match the expected requests for various HTTP methods.
67299dbda23f7e5639814e0f,Handles a definitive failure by tracking the exception and notifying the response listener of the failure.
67299dbda23f7e5639814e10,Tracks a failure by updating the current exception and adding the previous exception to the suppressed list if applicable.
67299dbda23f7e5639814e11,Overrides the `restClientSettings` method to configure authentication settings for the REST client using basic authentication with a predefined username and password.
67299dbda23f7e5639814e12,"Executes a given script using the appropriate command for the operating system and returns the result, throwing an exception if the execution is unsuccessful."
67299dbda23f7e5639814e13,Runs an Elasticsearch container with the specified distribution and returns the installation details.
67299dbda23f7e5639814e14,"Runs a Docker container for the specified Elasticsearch distribution, waits for it to start, and returns the installation details."
67299dbda23f7e5639814e15,Creates an iterable of parameter arrays using the provided NamedXContentRegistry.
67299dbda23f7e5639814e16,Starts the initializing shards on a given routing node and triggers a cluster reroute.
67299dbda23f7e5639814e17,Establishes a connection to the specified discovery node using the provided transport service.
67299dbda23f7e5639814e18,Stops a random data node if available and returns whether a node was stopped.
67299dbda23f7e5639814e19,"Sets up a mock `TransportService` with a mock `ThreadPool`, configuring the thread pool to use a direct executor service for execution."
67299dbda23f7e5639814e1a,Rewrites the given query using the provided shard rewrite context and ensures the rewritten query is serializable.
67299dbda23f7e5639814e1b,Retries the execution of a code block until it succeeds or a default timeout is reached.
67299dbda23f7e5639814e1c,"Returns a string representation of the port range allocated for a worker, based on the worker's base port and the number of ports per worker."
67299dbda23f7e5639814e1d,"Returns a non-deterministic SecureRandom instance configured for FIPS compliance, using a randomly generated 32-byte seed."
67299dbda23f7e5639814e1e,Creates an index with the specified name using default settings.
67299dbda23f7e5639814e1f,Adds an unresponsive rule for all transport addresses associated with the given transport service for a specified duration.
67299dbda23f7e5639814e20,"Ensures that the test cluster is healthy by verifying that there is no active disruption, confirming the expected number of nodes are present, and ensuring all nodes are fully connected."
67299dbda23f7e5639814e21,"Waits for all pending tasks on the specified RestClient to complete, excluding tasks filtered by the default predicate."
67299dbda23f7e5639814e22,Determines if feature states can be reset based on cluster capabilities and machine learning settings.
67299dbda23f7e5639814e23,"Returns the default admin settings for the REST client, utilizing basic authentication with admin credentials."
67299dbda23f7e5639814e24,Updates the cluster settings using the provided settings object.
67299dbda23f7e5639814e25,"Dispatches a REST request using a fake channel, ensuring the thread context is preserved and the response is properly released."
67299dbda23f7e5639814e26,"Looks up a binary operator method handle for the specified classes and operator name, applying type promotion and unboxing rules."
67299dbda23f7e5639814e27,"Determines the appropriate MethodHandle for normalizing index access based on the type of the receiver class, supporting arrays, maps, and lists."
67299dbda23f7e5639814e28,"Finds and returns the first non-null result obtained by applying the specified function to elements in the given collection, or null if no such result is found."
67299dbda23f7e5639814e29,Checks the given user expression node within the provided semantic scope for specific decorations and throws an error if certain conditions are not met.
67299dbda23f7e5639814e2a,Adds an additional field to the provided map if the specified property is present and the value is non-empty.
67299dbda23f7e5639814e2b,Sets whether unmapped fields should be ignored in the query and updates the inner hit builder accordingly.
67299dbda23f7e5639814e2c,Tests the encoding and decoding process of scaled float values to ensure that encoding a decoded value results in the original encoded value.
67299dbda23f7e5639814e2d,Stops the APM server and releases the instance reference.
67299dbda23f7e5639814e2e,"Attempts to delete a file or directory at the specified path, retrying multiple times if necessary, and throws an IOException if the operation is interrupted or fails after the maximum number of retries."
67299dbda23f7e5639814e2f,"Synchronizes the contents of the source directory with the destination directory by creating hard links for files, ensuring that the directory structure is replicated."
67299dbda23f7e5639814e30,Registers a client with randomly generated credentials and redirect URI for testing purposes before any test methods are executed.
67299dbda23f7e5639814e31,"Pauses the execution of tasks, logs the reason for pausing, and the number of tasks that were cancelled."
67299dbda23f7e5639814e32,Clears the allocation IDs by setting the previous shard routings to an empty list and returns whether any IDs were cleared.
67299dbda23f7e5639814e33,Logs a debug message if the document being indexed is a watch document and an exception occurs during the indexing process.
67299dbda23f7e5639814e34,"Handles the pre-delete operation for a document in a shard. If the document is identified as a watch document, it removes the watch from the trigger service before proceeding with the deletion."
67299dbda23f7e5639814e35,"Filters and returns a subset of the provided settings that are allowed to be updated, based on predefined keys."
67299dbda23f7e5639814e36,"Registers a new execution if the current executions are not sealed, ensuring thread safety with a lock mechanism."
67299dbda23f7e5639814e37,"Pauses the current process, ensuring that the provided listener is not null, and returns the number of tasks that were cancelled from the queue."
67299dbda23f7e5639814e38,"Clears the current executions and drains the executor's queue, returning the number of tasks that were cancelled."
67299dbda23f7e5639814e39,Creates triggered watches and their corresponding execution contexts from a collection of trigger events.
67299dbda23f7e5639814e3a,Clears the current executions and initiates a background task to wait for all ongoing executions to complete before invoking the provided stopped listener.
67299dbda23f7e5639814e3b,"Retrieves the concrete index metadata for a given index name from the provided metadata. If the index name corresponds to an alias pointing to multiple indices without a designated write index, an exception is thrown. Otherwise, it returns the metadata of the write index or the last index in the list."
67299dbda23f7e5639814e3c,"Checks if the given time is before the scheduled time and updates the scheduled time to the next occurrence based on the interval, returning the previous scheduled time."
67299dbda23f7e5639814e3d,"Removes an entry from the provided map by key and returns it as the specified type, throwing an exception if the type does not match."
67299dbda23f7e5639814e3e,Moves the model identifier from task settings to service settings if not already present in the service settings.
67299dbda23f7e5639814e3f,"Positions the parser at the token immediately following the specified field name, or throws an exception if the field is not found."
67299dbda23f7e5639814e40,"Calculates the time required to reserve a specified number of tokens, returning the result as a `TimeValue` in microseconds."
67299dbda23f7e5639814e41,Reserves the specified number of tokens and returns the time value representing the wait time in microseconds.
67299dbda23f7e5639814e42,Tests that the shard status is marked as complete when a non-data node is shut down and removed from the cluster.
67299dbda23f7e5639814e43,Synchronously renews a retention lease for a specified leader shard and returns an Optional containing a RetentionLeaseNotFoundException if the lease is not found.
67299dbda23f7e5639814e44,"Validates that the filtered settings of the leader and follower indices are identical, throwing an exception if they differ."
67299dbda23f7e5639814e45,"Returns a sublist of the provided list based on specified offset and limit conditions, handling cases of null or empty input, and reversing the list if the limit is negative."
67299dbda23f7e5639814e46,Checks if there are any candidates in the stages following the specified stage.
67299dbda23f7e5639814e47,"Extracts a substring from the given string that is located between two specified substrings, with options for greedy matching and case insensitivity."
67299dbda23f7e5639814e48,Records an error encountered during the retrieval of a policy for a specific index and updates the step information with the exception details.
67299dbda23f7e5639814e49,"Queues an ILM history item for indexing if ILM history is enabled, otherwise logs a trace message indicating that recording is disabled."
67299dbda23f7e5639814e4a,"Finds the optimal set of rollup jobs that best match the given aggregation source by evaluating different types of aggregation builders, such as date histogram, histogram, metrics, and terms."
67299dbda23f7e5639814e4b,Freezes the current time of the ClockMock instance to the current instant.
67299dbda23f7e5639814e4c,Restores the clock to the current system time in its current time zone.
67299dbda23f7e5639814e4d,Advances the current time by a specified number of seconds.
67299dbda23f7e5639814e4e,Rewinds the current time by a specified number of seconds.
67299dbda23f7e5639814e4f,Determines if the current status is active by evaluating if it has started or is relocating.
67299dbda23f7e5639814e50,Checks if the feature is allowed by the license state and starts tracking its usage if permitted.
67299dbda23f7e5639814e51,Checks if the feature is allowed without tracking usage.
67299dbda23f7e5639814e52,Updates the last checked timestamp and conditionally updates the last met condition timestamp or resets the acknowledgment status of actions based on the provided condition.
67299dbda23f7e5639814e53,Creates a prepared rounding instance using the interval's string representation and the specified time zone.
67299dbda23f7e5639814e54,"Determines if the given expression is valid by attempting to validate it, returning true if no exceptions are thrown during validation."
67299dbda23f7e5639814e55,"Creates a response by indexing the provided response data with the specified document ID and headers, and notifies the listener upon completion."
67299dbda23f7e5639814e56,"Retrieves the response associated with the given asynchronous execution ID, optionally restoring response headers, and notifies the provided listener upon completion."
67299dbda23f7e5639814e57,Sets the internal user for authentication using the specified transport version and node name.
67299dbda23f7e5639814e58,"Checks if the specified action is allowed for any group, considering special privileges for mapping update actions."
67299dbda23f7e5639814e59,"Validates the given application name to ensure it adheres to the required naming conventions, including checks for non-emptiness, absence of whitespace, valid prefix patterns, and appropriate use of wildcards."
67299dbda23f7e5639814e5a,Verifies if the provided data matches the given hash using the appropriate hashing algorithm.
67299dbda23f7e5639814e5b,"Writes the encoded authentication information into the provided thread context, ensuring no existing authentication data is present."
67299dbda23f7e5639814e5c,Generates a bcrypt salt string using the specified logarithmic rounds of processing complexity.
67299dbda23f7e5639814e5d,Generates a salt string using the default log2 rounds for cryptographic operations.
67299dbda23f7e5639814e5e,Determines if checkpoint alignment is disabled based on the settings configuration.
67299dbda23f7e5639814e5f,Creates a BitSet mask identifying columns in a list of string lists where all entries are either null or shorter than a specified length threshold.
67299dbda23f7e5639814e60,"Compares two rows of strings field by field using the Levenshtein distance, considering only fields present in both rows."
67299dbda23f7e5639814e61,"Calculates the weights for each matched format based on the ability to merge with timestamp matches and the preface length, terminating early if the leader's weight cannot be overtaken."
67299dbda23f7e5639814e62,Determines if a given sample can be classified as text based on the presence of newlines and a minimum number of non-blank lines.
67299dbda23f7e5639814e63,"Replaces matching expressions in the target list with those from the pattern using a specified replacer function, updating the original expressions list accordingly. Returns true if any modifications were made."
67299dbda23f7e5639814e64,"Combines multiple `QueryBuilder` instances using a specified `Clause`, returning a single `QueryBuilder` that represents the logical combination of the input queries."
67299dbda23f7e5639814e65,"Converts an unsigned long value to a Number, using two's complement for negative values and BigInteger addition for non-negative values."
67299dbda23f7e5639814e66,"Counts the number of times the first coordinate is repeated in reverse order within the array, considering only the integer parts of the 2D coordinates."
67299dbda23f7e5639814e67,"Adjusts the circuit breaker by adding the specified delta to the current usage, potentially tripping the breaker if the delta is positive and exceeds the limit."
67299dbda23f7e5639814e68,"Determines the median value of a specified range within an IntBlock, handling both odd and even counts by calculating the average without overflow for even counts."
67299dbda23f7e5639814e69,Determines if the rounding configuration can generate a sequence of values within a specified range.
67299dbda23f7e5639814e6a,"Evaluates a block of integer values in ascending order, handling nullable values, and returns a new block with the results."
67299dbda23f7e5639814e6b,Schedules snapshot jobs based on the current cluster state if snapshot lifecycle metadata is present.
67299dbda23f7e5639814e6c,Generates a sorted set of non-overlapping random byte ranges within a specified length.
67299dbda23f7e5639814e6d,Completes the processing of a buffer by ensuring all bytes are accounted for and releasing resources.
67299dbda23f7e5639814e6e,"Determines if a node is safe to shut down based on its current state, running deployments, and task status, considering a maximum graceful shutdown time."
67299dbda23f7e5639814e6f,"Finishes the reporting of datafeed timing statistics by flushing with immediate refresh policy, handling interruptions gracefully."
67299dbda23f7e5639814e70,Vacates the node by isolating the datafeed and marking the task as locally aborted with the specified reason.
67299dbda23f7e5639814e71,"Determines the common prefix of a given byte array segment by comparing it against predefined offsets and labels, returning an optional integer value if a matching leaf node is found."
67299dbda23f7e5639814e72,Retrieves the top transaction IDs based on their transaction counts.
67299dbda23f7e5639814e73,Returns the top item IDs based on the count of items available.
67299dbda23f7e5639814e74,"Calculates the natural logarithm of the probability of obtaining exactly `x` successes in a given number of Bernoulli trials, considering edge cases for zero trials and out-of-bound success counts."
67299dbda23f7e5639814e75,Calculates the natural logarithm of the probability of obtaining exactly `x` successes in `n` independent Bernoulli trials with success probability `p` and failure probability `q`.
67299dbda23f7e5639814e76,Determines if the data was recently refreshed based on the last update time and staleness duration.
67299dbda23f7e5639814e77,Retrieves the memory requirement for an anomaly detector job identified by the given job ID.
67299dbda23f7e5639814e78,Retrieves the memory requirement for a specified data frame analytics job by its ID.
67299dbda23f7e5639814e79,"Refreshes the state of machine learning tasks by invoking a full refresh process, ensuring that only one refresh operation is in progress at any time."
67299dbda23f7e5639814e7a,"Waits for a flush operation to complete and returns the corresponding acknowledgement if successful, or null if the operation fails or times out."
67299dbda23f7e5639814e7b,"Constructs a `TimeRange` object using the specified start and end times, ensuring valid and logical time intervals by converting parameters to epoch seconds and adjusting for empty or invalid inputs."
67299dbda23f7e5639814e7c,"Deletes all annotations associated with the job by invoking the `deleteAnnotations` method with parameters set to null, effectively removing all annotations without any filters."
67299dbda23f7e5639814e7d,Persists a bucket by removing its nested records before indexing it and its influencers into the appropriate storage.
67299dbda23f7e5639814e7e,Deletes interim results for a specified job.
67299dbda23f7e5639814e7f,"Flushes pending operations and notifies the listener upon completion. If the instance is already closed, the listener is immediately notified with a null response."
67299dbda23f7e5639814e80,"Tests the inflation of H3 cells with a specific H3 index at varying precisions, ensuring that the inflated bounding boxes match expected bounds across a range of inflation factors."
67299dbda23f7e5639814e81,"Sets the value of a tile in the `GeoShapeCellValues` object if the tile is valid at the specified precision level, encoding the tile's coordinates into a long representation. Returns 1 if the tile is valid and added, otherwise returns 0."
67299dbda23f7e5639814e82,"Determines if the specified bounding box intersects with the current geometric shape, considering potential dateline crossing."
67299dbda23f7e5639814e83,"Determines the spatial relationship between a point and a defined geometric area, returning whether the point is disjoint or has another relation based on its position relative to the area's boundaries and dateline crossing status."
67299dbda23f7e5639814e84,"Determines the highest generation number from the provided array of segment file names, excluding old segment files."
67299dbda23f7e5639814e85,Skips the final output by reading and discarding a variable-length integer from the input.
67299dbda23f7e5639814e86,Generates a valid random instance name by ensuring it does not trigger any errors when processed by the `Name.fromUserProvidedName` method.
67299dbda23f7e5639814e87,"Creates a user with a ""run_as"" role using basic authentication headers."
67299dbda23f7e5639814e88,Invalidates tokens associated with a specified realm name.
67299dbda23f7e5639814e89,"Determines the part number corresponding to a given position within a file, ensuring the position is valid and the calculated part number is within the allowable range."
67299dbda23f7e5639814e8a,"Removes the specified cache key from the cache, ensuring thread-safe invalidation."
67299dbda23f7e5639814e8b,"Marks the current context as failed due to an exception, ensuring logging and auditing are handled appropriately."
67299dbda23f7e5639814e8c,"Resolves an expression into a set of root attribute expressions, utilizing provided aliases to determine the final set of expressions."
67299dbda23f7e5639814e8d,Creates a keyword field attribute with the specified name.
67299dbda23f7e5639814e8e,"Increments the translation metric, updating relevant time-based counters while ensuring thread safety."
67299dbda23f7e5639814e8f,"Converts a date string into a `ZonedDateTime` object representing the start of the day in UTC, handling optional time components in the input format."
67299dbda23f7e5639814e90,Prints a message to the output writer with specified verbosity settings.
67299dbda23f7e5639814e91,"Converts IJK coordinates on a specified face and resolution to geographic coordinates (latitude and longitude), considering whether the grid is a substrate."
67299dbda23f7e5639814e92,"Normalizes the instance variables i, j, and k by subtracting the smallest of the three from each, ensuring they are adjusted relative to their minimum value."
67299dbda23f7e5639814e93,"Updates the current vector by adding a specified unit vector based on the given digit, followed by normalizing the vector to ensure its minimum component is zero."
67299dbda23f7e5639814e94,Converts the current IJK coordinates on a specified face to geographic coordinates (latitude and longitude) for a given resolution.
67299dbda23f7e5639814e95,Converts an H3 address string to a long and calculates the number of child hexagons at a specified resolution.
67299dbda23f7e5639814e96,"Converts an H3 address string to its corresponding H3 index and returns the number of non-intersecting children, accounting for pentagon and hexagon differences."
67299dbda23f7e5639814e97,Returns the H3 index of the north polar base cell at the specified resolution.
67299dbda23f7e5639814e98,Returns the H3 index for the south polar region at the specified resolution.
67299dbda23f7e5639814e99,Calculates the maximum latitude reached by the great circle path between this point and the specified `LatLng` point.
67299dbda23f7e5639814e9a,Calculates the minimum latitude reached by the great circle path between this point and the specified `LatLng` point.
67299dbda23f7e5639814e9b,"Converts 2D hexagonal coordinates to geographic coordinates on a specified face of an icosahedron at a given resolution, optionally considering substrate grids."
67299dbda23f7e5639814e9c,Rotates the H3 index 60 degrees counter-clockwise at each resolution level.
67299dbda23f7e5639814e9d,"Consumes a point defined by the coordinates (x, y) by creating or resetting a `PointError` object based on the current index and internal state, and then processing it."
67299dbda23f7e5639814e9e,"Encodes a given base-32 hash string into a long value, incorporating the hash length for uniqueness."
67299dbda23f7e5639814e9f,Encodes the given longitude and latitude into a geohash string with a default precision level of 12.
67299dbda23f7e5639814ea0,Encodes latitude and longitude into a geohash string representation at the specified precision level.
67299dbda23f7e5639814ea1,"Tests the retrieval of resources with the same name from both a parent `URLClassLoader` and an `EmbeddedImplClassLoader`, ensuring both resources are accessible and correctly identified."
67299dbda23f7e5639814ea2,"Checks if the provided JAR file requires a newer Java version based on the manifest's ""X-Compile-Target-JDK"" attribute and throws an exception if the current Java version is insufficient."
67299dbda23f7e5639814ea3,Checks that the specified portion of the key array is ordered and verifies the correlation of corresponding values in the provided arrays.
67299dbda23f7e5639814ea4,"Sorts the primary array of keys and rearranges the associated arrays of values accordingly, ensuring that elements with equal keys are ordered by their weights to balance around the median."
67299dbda23f7e5639814ea5,"Overrides the compress method to merge new values into the existing data structure, ensuring efficient data compression by handling unmerged weights and alternating merge order to prevent bias."
67299dbda23f7e5639814ea6,"Attempts to locate the APM agent JAR file in the current working directory, throwing an exception if the installation is corrupt or the file is not found."
67299dbda23f7e5639814ea7,Forcibly stops the associated JVM process and waits for its termination.
67299dbda23f7e5639814ea8,Retrieves a list of index-compatible versions filtered to include only those supported by the current architecture and platform.
67299dbda23f7e5639814ea9,Ensures that the specified number of tasks in the cluster state are unassigned.
67299dbda23f7e5639814eaa,"Creates a `PersistentTasksClusterService` using a provided assignment function to determine task assignments based on task parameters, candidate nodes, and the current cluster state."
67299dbda23f7e5639814eab,"Returns an Optional containing the first Error found in the causal chain or suppressed exceptions of the given Throwable, if any."
67299dbda23f7e5639814eac,Collects and returns a list of absolute paths to shard data directories from the provided data paths.
67299dbda23f7e5639814ead,"Initializes the index as a new instance with fresh shards, setting up unassigned shard routing for a newly created index."
67299dbda23f7e5639814eae,"Cancels the relocation of a shard, updates its state, and returns the updated shard routing."
67299dbda23f7e5639814eaf,"Resolves the given expressions into a set of index names based on the current cluster state, using lenient options for expanding open indices."
67299dbda23f7e5639814eb0,"Determines if the provided collection of aliases or indices represents all indices, either by being null, empty, or explicitly containing the ""all"" pattern."
67299dbda23f7e5639814eb1,"Closes the resource, ensuring that all in-flight requests are completed within a specified timeout period."
67299dbda23f7e5639814eb2,"Returns a list of task groups, building them if they have not been initialized. Task groups are constructed by organizing tasks into hierarchical structures based on their parent-child relationships."
67299dbda23f7e5639814eb3,Scales down the given value by a probability factor if sampling is enabled.
67299dbda23f7e5639814eb4,Scales up the given value based on the sampling probability.
67299dbda23f7e5639814eb5,"Encodes a long hash into a string representation of zoom, x, and y tile coordinates, ensuring the validity of the coordinates."
67299dbda23f7e5639814eb6,Adds a new range with an unbounded lower limit to the aggregation builder.
67299dbda23f7e5639814eb7,Adds a new unbounded range starting from the specified value to the aggregation builder.
67299dbda23f7e5639814eb8,"Returns a `LeafBucketCollector` for the given `LeafReaderContext`, updating the competitive bounds if necessary when starting to collect from a new segment."
67299dbda23f7e5639814eb9,"Submits a cluster state update task to the provided ClusterService, indicating the success or failure of a feature migration."
67299dbda23f7e5639814eba,"Retrieves the value of a specified field as a byte array, decoding from Base64 if necessary."
67299dbda23f7e5639814ebb,Retrieves the current retention leases without expiring them.
67299dbda23f7e5639814ebc,Retrieves the current retention leases without expiring them.
67299dbda23f7e5639814ebd,Determines if the given string has a positive length.
67299dbda23f7e5639814ebe,Preserves the execution context of the given Runnable command.
67299dbda23f7e5639814ebf,Fast forwards the countdown by setting it to zero and returns whether the countdown was previously greater than zero.
67299dbda23f7e5639814ec0,"Determines if a given string matches a specified pattern, with optional case insensitivity. The pattern may include wildcards represented by '*', which can match any sequence of characters."
67299dbda23f7e5639814ec1,"Updates the target settings with the specified dynamic settings, returning true if any changes were made."
67299dbda23f7e5639814ec2,Formats the given `InetAddress` using a default `PortsRange`.
67299dbda23f7e5639814ec3,"Closes a single CloseableChannel, optionally in a blocking manner."
67299dbda23f7e5639814ec4,Creates a `CompressedXContent` instance from a JSON string by parsing the JSON content and copying its structure.
67299dbda23f7e5639814ec5,"Calculates the optimal buffer size required for network output, considering the plaintext size and the number of buffers, while accounting for potential overhead."
67299dbda23f7e5639814ec6,Calculates the required buffer space for encrypted data based on the number of plaintext bytes and buffers.
67299dbda23f7e5639814ec7,"Converts a byte array to an IP address string, supporting both IPv4 and IPv6 formats."
67299dbda23f7e5639814ec8,Returns a subsequence of the current AsciiString from the specified start index to the end index.
67299dbda23f7e5639814ec9,"Compares a region of this sequence with a region of the specified string, optionally ignoring case differences."
67299dbda23f7e5639814eca,"Returns the smallest power of two that is greater than or equal to the specified value, with safeguards for non-positive values and values exceeding the maximum limit of 0x40000000."
67299dbda23f7e5639814ecb,"Generates a random long value within the specified range [least, bound)."
67299dbda23f7e5639814ecc,"Formats a message string using a single argument, handling placeholders and potential throwable instances."
67299dbda23f7e5639814ecd,"Creates a new ByteBuf containing the specified integer values, with each integer being written in a swapped byte order."
67299dbda23f7e5639814ece,Calculates the masked CRC32C checksum of the readable bytes in the given ByteBuf starting from the current reader index.
67299dbda23f7e5639814ecf,Writes a unary representation of the specified non-negative integer value to the given ByteBuf.
67299dbda23f7e5639814ed0,"Completes the encoding process for the given channel context by writing the necessary footer and flushing the data, ensuring the stream is properly terminated."
67299dbda23f7e5639814ed1,Updates the CRC value by repeatedly applying the CRC update operation for a specified number of times.
67299dbda23f7e5639814ed2,"Validates a header value against the field-content rule as defined in RFC 7230, ensuring it consists of visible characters, optional spaces or horizontal tabs, and does not contain control characters. Returns the index of the first invalid character or -1 if the value is valid."
67299dbda23f7e5639814ed3,Skips leading whitespace characters in a byte array starting from a specified position.
67299dbda23f7e5639814ed4,Checks if a secret store exists for the given secure configuration.
67299dbda23f7e5639814ed5,Determines if the current writer is considered stale based on the specified flush interval.
67299dbda23f7e5639814ed6,"Combines a given collection of plugin configuration specifications with a predefined set of common input settings, ensuring no duplicates."
67299dbda23f7e5639814ed7,Parses the given expression and verifies its string representation against the expected abstract syntax tree (AST) form.
67299dbda23f7e5639814ed8,Determines if the request origin is allowed based on the provided CORS configuration.
67299dbda23f7e5639814ed9,Encodes the given source string using the specified charset and URI type.
67299dbda23f7e5639814eda,"Decodes and sanitizes the given URI string by removing semicolon content, decoding the request string, and eliminating duplicate slashes."
67299dbda23f7e5639814edb,Returns a fallback TimeZone if JSTL is present and a valid TimeZone is configured in the page context.
67299dbda23f7e5639814edc,Determines whether the target class should be proxied based on the bean factory's configuration and the specified bean name.
67299dbda23f7e5639814edd,"Sets the argument names by parsing a comma-delimited string and validates each name as a valid Java identifier. If necessary, adds an implicit join point argument name."
67299dbda23f7e5639814ede,Sets the text content of the message as plain text.
67299dbda23f7e5639814edf,"Obtains a database connection using thread-bound credentials if available, otherwise defaults to the configured username and password. The connection's catalog and schema are set if specified."
67299dbda23f7e5639814ee0,"Skips over end-of-line characters in the provided ByteBuffer, handling both '\n' and '\r\n' sequences."
67299dbda23f7e5639814ee1,Initiates an asynchronous connection using the specified STOMP session handler.
67299dbda23f7e5639814ee2,Retrieves the current time zone based on the locale context.
67299dbda23f7e5639814ee3,"Retrieves the current JTA transaction, ensuring a UserTransaction is available, and creates a JtaTransactionObject for transaction management."
67299dbda23f7e5639814ee4,"Checks for any memory leaks by verifying that all created data buffers have been deallocated, using a zero-second duration for immediate validation."
67299dbda23f7e5639814ee5,Increases the indentation level and updates the current indentation string.
67299dbda23f7e5639814ee6,"Checks if the specified constant is present in the given array of enum values, performing a case-insensitive comparison."
67299dbda23f7e5639814ee7,Determines the starting position of a comment in the given line and updates the comment state.
67299dbda23f7e5639814ee8,"Finds the best matching locale for a given language string, prioritizing exact matches supported by the app, and defaults to the best system locale if no exact match is found."
67299dbda23f7e5639814ee9,"Cancels a notification with the specified ID, utilizing conversation support if available, and falls back to legacy cancellation otherwise."
67299dbda23f7e5639814eea,"Calculates the yaw angle in radians from a quaternion, considering gimbal lock conditions."
67299dbda23f7e5639814eeb,Returns the angle in radians around the specified axis for the current vector.
67299dbda23f7e5639814eec,"Sets this affine transformation to represent a translation, rotation, and scaling based on the given parameters."
67299dbda23f7e5639814eed,Scales the current affine transformation by the specified vector components.
67299dbda23f7e5639814eee,Calculates the quality of a triangle based on the ratio of the smallest vertex distance to the circumradius.
67299dbda23f7e5639814eef,Determines if two line segments intersect and optionally computes the intersection point.
67299dbda23f7e5639814ef0,"Calculates the angle in degrees between the positive x-axis and the point (x, y) using the four-quadrant inverse tangent function."
67299dbda23f7e5639814ef1,"Calculates the angle in degrees between the positive x-axis and the point (x, y) in a 360-degree range, handling edge cases for infinite and NaN values."
67299dbda23f7e5639814ef2,Cancels all current touch focuses.
67299dbda23f7e5639814ef3,"Sets the debug mode for the table under the mouse based on the specified boolean value, enabling all debug options if true, or none if false."
67299dbda23f7e5639814ef4,"Removes the specified actor from the list of children, optionally unfocusing it."
67299dbda23f7e5639814ef5,Clears the current object and optionally removes focus from its children.
67299dbda23f7e5639814ef6,"Sets the background drawable for the component, optionally adjusting the padding based on the drawable's dimensions."
67299dbda23f7e5639814ef7,"Clears the current data structure and resizes it based on the specified maximum capacity, ensuring efficient memory usage by adjusting the internal table size according to the load factor."
67299dbda23f7e5639814ef8,Determines the length of a run in the specified array and ensures it is in ascending order by reversing it if initially descending.
67299dbda23f7e5639814ef9,"Posts a task for immediate execution by scheduling it with no delay, no interval, and no repetition."
67299dbda23f7e5639814efa,Scales the size of an object uniformly by the specified factor if the factor is not equal to 1.
67299dbda23f7e5639814efb,Rotates the current transform by the specified quaternion rotation.
67299dbda23f7e5639814efc,Initiates an animation with specified parameters and manages its transition.
67299dbda23f7e5639814efd,"Queues an animation for playback with specified parameters, handling transitions and looping logic."
67299dbda23f7e5639814efe,"Retrieves a directory as a `File` object, creating it if it does not exist, based on the specified subdirectory path."
67299dbda23f7e5639814eff,Persists the given entity and retrieves its identifier.
67299dbda23f7e5639814f00,"Constructs a URL for the specified running service, optionally using a specified database."
67299dbda23f7e5639814f01,"Constructs a JDBC URL for the specified running service and database, incorporating any necessary parameters."
67299dbda23f7e5639814f02,"Returns the double value associated with the specified name, or NaN if no such value exists."
67299dbda23f7e5639814f03,"Returns the integer value associated with the specified name, or 0 if the value is not found or cannot be converted to an integer."
67299dbda23f7e5639814f04,"Returns the long value associated with the specified name, or 0 if not found or not convertible."
67299dbda23f7e5639814f05,"Returns the string value associated with the specified key, or an empty string if the key is not found or the value is null."
67299dbda23f7e5639814f06,"Creates a directory entry with the specified name and owner, using a default mode of 0755."
67299dbda23f7e5639814f07,"Creates a file with the specified name, owner, and content, using a default file mode."
67299dbda23f7e5639814f08,"Stops the service by gracefully ending the leader lifecycle and unregistering the leader listener, ensuring thread safety with a lock mechanism."
67299dbda23f7e5639814f09,"Converts a list of `TableFunction.ParameterDefn` objects from a `TableFunction` into a list of `FunctionParameter` objects suitable for use with Calcite, mapping parameter types to corresponding Java types."
67299dbda23f7e5639814f0a,Determines if a given RexNode represents a non-trivial string concatenation operation.
67299dbda23f7e5639814f0b,Submits an MSQ task and ensures it is accepted successfully by verifying the response status code.
67299dbda23f7e5639814f0c,Returns the smallest power of two that is greater than or equal to the specified positive long value.
67299dbda23f7e5639814f0d,"Computes the hash of a single long value using a sequence of initialization, update, and finalization steps."
67299dbda23f7e5639814f0e,Hashes a single long value to an int using a combination of bit manipulation and hashing techniques.
67299dbda23f7e5639814f0f,Opens all NeoStores by creating necessary directories if not in read-only mode and initializing a new NeoStores instance with the provided configuration and resources.
67299dbda23f7e5639814f10,"Decodes a PropertyBlock into a TextValue, handling geometry types and dimensions, while ensuring unsupported float precision and excessive dimensions are not used."
67299dbda23f7e5639814f11,"Sets multiple end conditions for the race, merging them such that the race ends when any of the specified conditions are met."
67299dbda23f7e5639814f12,"Generates and returns a valid Unicode code point within the specified range, excluding unassigned, private use, and surrogate code points."
67299dbda23f7e5639814f13,Releases an exclusive lock and acquires a write lock on the specified address by updating the lock state.
67299dbda23f7e5639814f14,Retrieves the reference count from the header state.
67299dbda23f7e5639814f15,"Evicts a page identified by the given filePageId from the translation table, updating the highest evicted transaction ID if necessary, and marking the page as unmapped."
67299dbda23f7e5639814f16,Clears the change status of chunks by applying a mask based on node density.
67299dbda23f7e5639814f17,"Creates a log channel for an existing version by allocating the corresponding file, reading its log header, and verifying the log version."
67299dbda23f7e5639814f18,"Calculates the total waiting time in nanoseconds for the current transaction, including any additional waiting time from the executing query if present."
67299dbda23f7e5639814f19,Stops the given index population and ensures that any ongoing store scan is halted if there are no remaining populations.
67299dbda23f7e5639814f1a,"Returns a new instance of PhysicalLogVersionedStoreChannel for the initial log file, utilizing the latest log format and a mock LogFileChannelNativeAccessor."
67299dbda23f7e5639814f1b,Releases the write lock by transforming the current state using a spin-wait mechanism.
67299dbda23f7e5639814f1c,Checks if the cursor is out of bounds and verifies that the seeker is not closed when an out-of-bounds condition is detected.
67299dbda23f7e5639814f1d,Writes a generation and pointer to the specified PageCursor after validating that both are within their respective valid boundaries.
67299dbda23f7e5639814f1e,Increments the unstable generation component of the current generation while preserving the stable generation component.
67299dbda23f7e5639814f1f,"Normalizes the duration by adjusting the days, seconds, and nanoseconds to ensure that nanoseconds are less than one second and seconds are less than one day."
67299dbda23f7e5639814f20,"Parses command-line arguments, validates them, and returns a `CliArgs` object populated with the parsed data."
67299dbda23f7e5639814f21,Prints the given text if the current format is plain.
67299dbda23f7e5639814f22,Determines if the given string is within a quoted context by checking if it is not null and not within a comment.
67299dbda23f7e5639814f23,"Decreases the key of a specified node in the Fibonacci heap and restructures the heap if necessary to maintain the heap property. If the new key is less than the current minimum, updates the minimum node. If the node's new key is less than its parent's key, performs a cut and potentially a cascading cut to maintain the heap structure."
67299dbda23f7e5639814f24,"Cuts a node from its parent in the Fibonacci heap, decreasing the parent's degree, and adds the node to the root list, ensuring it is unmarked and has no parent."
67299dbda23f7e5639814f25,"Releases the current node, atomically swapping the release sentinel onto the stack to retrieve and unpark any waiting threads."
67299dbda23f7e5639814f26,"Applies the given work unit by scheduling it on the stack and repeatedly attempting to process it until completion, handling any execution failures encountered during the process."
67299dbda23f7e5639814f27,"Returns a formatted string representing the version of the store, including the storage engine name, format family name, and version numbers, with support for beta versions."
67299dbda23f7e5639814f28,Calculates the total degree by summing the degrees of all types in both directions.
67299dbda23f7e5639814f29,Disables the specified commands by setting their probability factors to zero.
67299dbda23f7e5639814f2a,"Runs a test iteration with a specified timeout and time unit, delegating to an overloaded method for execution."
67299dbda23f7e5639814f2b,"Executes a series of iterations, each involving a complex file system operation with potential adversarial conditions, and handles any exceptions by logging the state of the previous run."
67299dbda23f7e5639814f2c,"Creates various indexes in the graph database, including token, node property, and relationship property indexes, within a transaction."
67299dbda23f7e5639814f2d,Deletes all relationships and nodes from the specified graph database in batches to manage transaction size and resource usage efficiently.
67299dbda23f7e5639814f2e,Initiates a negotiation process with the given transport connection by sending the protocol version and asserting that the connection successfully negotiates the expected protocol version.
67299dbda23f7e5639814f2f,Reads a primitive value from the buffer based on the detected type and a specified limit.
67299dbda23f7e5639814f30,Calculates the center point coordinates for a given derived value and level by normalizing the coordinates and converting them to double precision.
67299dbda23f7e5639814f31,Returns a list of LongRange objects representing the tiles that intersect with the specified envelope.
67299dbda23f7e5639814f32,"Converts normalized coordinates to double precision coordinates by scaling and adjusting them based on the specified level, ensuring they remain within defined bounds."
67299dbda23f7e5639814f33,"Propagates the calculated length from the source to the target node, updating the state and scheduling further processing if necessary."
67299dbda23f7e5639814f34,"Inserts the specified element into the heap, growing the heap if necessary, and maintains the heap invariant by sifting the element up to its correct position."
67299dbda23f7e5639814f35,Sorts the array using the heap sort algorithm.
67299dbda23f7e5639814f36,Reorganizes the elements in the heap to maintain the heap property by sifting down non-leaf nodes.
67299dbda23f7e5639814f37,Sifts the specified element down the heap to maintain the heap property.
67299dbda23f7e5639814f38,"Sets a specified number of bits in a long array to 1, starting from a given position, and ensures that the bits are set correctly across multiple long elements if necessary."
67299dbda23f7e5639814f39,"Returns a subpath of the current path representation, including a trailing separator if the original path had one or if the subpath does not encompass the last element of the original path."
67299dbda23f7e5639814f3a,"Performs a specified file operation on a set of database files, potentially including ID files, while handling existing targets and optionally skipping non-existent files."
67299dbda23f7e5639814f3b,"Computes the symmetric difference between two sorted integer arrays, returning a new array containing elements that are present in either of the input arrays but not in both. The input arrays must be sorted sets, and the method handles null inputs by returning the non-null array."
67299dbda23f7e5639814f3c,Counts the number of unique elements in two sorted arrays and returns a long value encoding the counts of unique elements from each array.
67299dbda23f7e5639814f3d,Determines if two iterators are equal by comparing their elements sequentially and ensures resources are closed after iteration.
67299dbda23f7e5639814f3e,Counts the number of elements in the given iterator.
67299dbda23f7e5639814f3f,"Adds a lazy binding for a component supplier and its associated type, ensuring that the binding is not added after the binder has been configured."
67299dbda23f7e5639814f40,"Returns a `ReadableLogPositionAwareChannel` for reading a log file at the specified path, ensuring compatibility with the provided kernel version by validating the log format version."
67299dbda23f7e5639814f41,"Returns an iterator over values sorted by relevance for a specified field, utilizing top document scores and segment contexts."
67299dbda23f7e5639814f42,"Ensures that the current document ID iterator is valid by advancing to the next set of matching documents if necessary, and initializes the current document values for the specified field. Returns true if a valid iterator is found, otherwise returns false when no more matching documents are available."
67299dbda23f7e5639814f43,Adds a document to the writer if it is not null.
67299dbda23f7e5639814f44,"Updates a document if it is not null; otherwise, deletes documents associated with the specified term."
67299dbda23f7e5639814f45,"Clears the cache for all URLs associated with the current instance, unless the instance is marked as exploded."
67299dbda23f7e5639814f46,Asserts that executing the given RequestBuilder results in a specified exception and status.
67299dbda23f7e5639814f47,"Retrieves the value of the specified column from the given `ResultSet`, converting it to the specified type if possible."
67299dbda23f7e5639814f48,Allows customization of the list of Jackson modules by accepting a consumer that operates on the current list of modules.
67299dbda23f7e5639814f49,"Retrieves the first child element with the specified name from the list of children, or returns null if no such child exists."
67299dbda23f7e5639814f4a,"Tests that a `NullPointerException` is thrown when attempting to set a null sort order in `ScoreSortBuilder`, and verifies that the exception message is ""sort order cannot be null."""
67299dbda23f7e5639814f4b,Determines if the given method name matches the specified mapped pattern using simple wildcard matching.
67299dbda23f7e5639814f4c,Tests the behavior of the network host resolution with an incorrect GCE network setting.
67299dbda23f7e5639814f4d,Handles the resize event by checking and updating the size of all attached resizable widgets.
67299dbda23f7e5639814f4e,"Creates a default `AggregateDoubleMetricFieldType` with specified subfields for minimum and maximum metrics, setting the minimum metric as the default."
67299dbda23f7e5639814f4f,Sets the center x-coordinate of the object by adjusting its position based on its width.
67299dbda23f7e5639814f50,"Creates an `ElasticsearchSecurityException` indicating that a token has expired, setting the response status to unauthorized and adding the appropriate authentication header."
67299dbda23f7e5639814f51,Registers a RestIntegTestTask for the given project and source set using the source set's name as the task name.
67299dbda23f7e5639814f52,Determines if the element at the specified index is indexed based on its type.
67299dbda23f7e5639814f53,Retrieves the index field data for a given field type by utilizing a field data builder and managing cache configurations.
67299dbda23f7e5639814f54,"Calculates the sum of an array of double values, treating NaN values as zero."
67299dbda23f7e5639814f55,"Initiates a search operation on the provided LDAP interface, handling both direct connections and connection pools, and processes the search results asynchronously using the specified listener."
67299dbda23f7e5639814f56,"Attempts to delete a file or directory at the specified path, retrying on failure, and converts checked exceptions to unchecked exceptions."
67299dbda23f7e5639814f57,"Writes data from the given input stream to an output stream, with an option to append, while handling exceptions and ensuring streams are closed quietly."
67299dbda23f7e5639814f58,"Computes the memory limit in bytes for automatic subquery result inlining, considering the available JVM memory after accounting for lookup footprints and distributing it across the maximum number of concurrent queries."
67299dbda23f7e5639814f59,Determines if the given expression is valid by attempting to parse it.
67299dbda23f7e5639814f5a,Retrieves an Optional containing a NamedDatabaseId that matches the given database name.
67299dbda23f7e5639814f5b,Determines if there is sufficient capacity to accommodate additional data.
67299dbda23f7e5639814f5c,"Compares two tier strings by their order in a predefined list, treating ""DATA_CONTENT"" as equivalent to ""DATA_HOT""."
67299dbda23f7e5639814f5d,Parses the current numeric token from the provided XContentParser and returns its float value.
67299dbda23f7e5639814f5e,Wraps a given PathExpander with additional functionality to print path information based on a specified predicate.
67299dbda23f7e5639814f5f,"Removes the specified key from the hash table if it exists, using open addressing with linear probing to resolve collisions."
67299dbda23f7e5639814f60,Retrieves the double value from the specified column index of the current row in the result set.
67299dbda23f7e5639814f61,Releases the shared lock by setting the final state.
67299dbda23f7e5639814f62,"Retrieves a list of exception types from a method's parameter signature, ensuring that each parameter type is a subclass of `Throwable`. Throws an `IllegalStateException` if no exception types are found."
67299dbda23f7e5639814f63,"Adds a coordinate with the specified longitude and latitude to the CoordinatesBuilder, ensuring dimensional consistency with existing coordinates."
67299dbda23f7e5639814f64,Loads the application context for AOT (Ahead-Of-Time) processing using the provided merged context configuration.
67299dbda23f7e5639814f65,"Sets the misfire instruction using the provided constant name, ensuring the name is not null or blank and corresponds to a valid misfire instruction constant."
67299dbda23f7e5639814f66,Retrieves an array of IDs for the given tokens within a transaction context.
67299dbda23f7e5639814f67,Determines if the specified element has any meta-annotations of the given type.
67299dbda23f7e5639814f68,"Creates a `PersistenceManagedTypes` instance from the provided managed class names, ensuring that the input is not null."
67299dbda23f7e5639814f69,Returns the string representation of the URI constructed by the uriBuilder.
67299dbda23f7e5639814f6a,"Waits for the cluster state to satisfy a given predicate, notifying the listener when the state changes to meet the condition or when a timeout occurs."
67299dbda23f7e5639814f6b,Returns the number of positions in the block.
67299dbda23f7e5639814f6c,"Converts a comma-delimited string into a set of strings, preserving the order of elements."
67299dbda23f7e5639814f6d,"Removes the specified task from being monitored for the given thread, ensuring both parameters are non-null."
67299dbda23f7e5639814f6e,"Sets the value of a field in the given IngestDocument, updating the source map if the path exists, or using the document's setFieldValue method otherwise."
67299dbda23f7e5639814f6f,"Translates a given `SQLException` into a `DataAccessException` using the configured `SQLExceptionTranslator`, or defaults to an `UncategorizedSQLException` if no specific translation is available."
67299dbda23f7e5639814f70,"Returns a list of configured `HttpMessageConverter` instances, initializing the list if necessary. This includes custom converters, default converters if none are configured, and any additional extensions."
67299dbda23f7e5639814f71,"Calculates an exponential backoff time with jitter, based on the number of past attempts, ensuring the backoff does not exceed a specified maximum."
67299dbda23f7e5639814f72,Converts the given integer representing a word to lowercase by applying a bitmask derived from an uppercase pattern transformation.
67299dbda23f7e5639814f73,Calculates the smallest power of two that is greater than or equal to the specified positive integer value.
67299dbda23f7e5639814f74,"Adds a portion of the given byte array to the bulk request, specifying the content type."
67299dbda23f7e5639814f75,Sets the timeout for the search request.
67299dbda23f7e5639814f76,Logs an error message with an associated throwable if error logging is enabled.
67299dbda23f7e5639814f77,Adds a new unbounded range to the aggregation with the specified upper bound.
67299dbda23f7e5639814f78,"Retrieves the integer value from the specified column index of the current row in the result set, handling SQL exceptions by throwing an InvalidResultSetAccessException."
67299dbda23f7e5639814f79,"Sets the scope annotation type, ensuring it is not null."
67299dbda23f7e5639814f7a,"Returns the capacity of the buffer, representing the maximum number of indices."
67299dbda23f7e5639814f7b,"Triggers the `beforeCommit` callback on all registered `TransactionSynchronization` instances, ensuring that the transaction synchronization is active and handling the read-only status appropriately."
67299dbda23f7e5639814f7c,Transforms the given constraints by retaining only the partition key columns.
67299dbda23f7e5639814f7d,"Handles errors by propagating them to the receive publisher and send processor, ensuring any ongoing send operations are canceled and error notifications are emitted."
67299dbda23f7e5639814f7e,Determines if the given PropertyDescriptor has a unique write method.
67299dbda23f7e5639814f7f,"Initiates a background fetch operation if the current queue size is below a calculated threshold, ensuring efficient resource utilization and preventing unnecessary fetch operations."
67299dbda23f7e5639814f80,"Creates a new `SslHandler` with the specified `ByteBufAllocator` and `Executor`, using default TLS settings."
67299dbda23f7e5639814f81,"Flushes the Base64 buffer by encoding the remaining bytes if in encoding mode, or throws an exception if in decoding mode and the input is not properly padded."
67299dbda23f7e5639814f82,"Determines the element type of an array expression, returning the original type if it is not an array."
67299dbda23f7e5639814f83,"Cancels the ongoing index populations, handling any failures and ensuring proper cleanup and logging."
67299dbda23f7e5639814f84,Adjusts the size of an object by the specified width and height increments.
67299dbda23f7e5639814f85,"Retrieves the value associated with the specified key, or returns the provided default value if the key is not present in the map."
67299dbda23f7e5639814f86,"Finds the key associated with the specified value in the value table, using either identity or equality comparison, and returns a specified value if the key is not found."
67299dbda23f7e5639814f87,"Processes the given field value using a `RequestDataValueProcessor` if available, adapting it based on the request context and field type."
67299dbda23f7e5639814f88,"Sets the prefix used for comments, ensuring it is not null or empty."
67299dbda23f7e5639814f89,"Ensures that the file access is open, throwing a supplied exception if it is not."
